נאמען|וויקיס|גרויס
147|119|453
266|117|453
277|118|454
89|123|517
65|122|517
62|122|517
85|120|517
75|120|517
72|119|517
86|118|517
63|118|517
59|118|517
82|117|517
83|116|517
98|122|518
74|119|518
68|127|520
54|124|520
221|121|524
216|121|524
202|121|524
316|120|524
254|120|524
225|120|524
224|120|524
264|119|524
237|119|524
215|119|524
195|119|524
194|119|524
152|119|524
352|118|524
319|118|524
318|118|524
228|118|524
227|118|524
196|118|524
357|117|524
343|117|524
334|117|524
324|117|524
302|117|524
294|117|524
293|117|524
286|117|524
278|117|524
262|117|524
247|117|524
353|116|524
322|116|524
299|116|524
289|116|524
288|116|524
261|116|524
246|116|524
358|115|524
348|115|524
327|115|524
312|119|525
305|119|525
226|119|525
326|116|525
179|118|526
148|119|528
139|122|530
116|122|530
109|122|530
107|122|530
124|121|530
166|120|530
156|120|530
128|120|530
182|119|530
153|119|530
123|119|530
191|118|530
178|118|530
176|118|530
164|118|530
163|118|530
158|118|530
157|118|530
149|118|530
134|118|530
143|117|530
126|121|531
138|119|531
186|118|531
145|118|531
103|123|543
272|121|551
141|119|557
104|122|559
243|118|559
76|121|576
122|121|577
12|134|578
291|118|579
285|118|580
335|117|586
208|121|588
212|120|588
108|122|590
336|118|590
21|130|592
279|114|592
183|118|593
3|143|594
105|125|595
283|121|595
354|119|597
296|118|598
276|118|599
232|117|599
342|116|599
198|118|601
295|117|605
275|118|606
206|119|607
267|116|610
328|118|611
315|117|611
207|120|612
203|121|614
239|119|614
236|119|614
11|134|615
33|126|617
87|121|617
91|119|617
292|116|617
22|128|619
28|127|619
27|127|619
45|124|619
90|122|619
173|120|619
41|130|620
39|125|620
35|123|620
219|120|621
192|122|624
15|136|625
16|132|625
146|119|625
346|115|628
112|122|630
142|120|631
159|118|632
345|117|634
213|118|636
71|119|640
287|117|641
24|128|643
222|126|643
184|119|643
175|120|649
347|117|649
29|127|650
111|120|650
333|117|650
217|123|651
245|116|651
64|124|652
332|116|654
106|125|655
337|123|656
185|119|656
102|127|658
131|118|658
154|120|660
350|119|661
323|117|661
167|120|662
263|118|662
88|121|664
172|118|664
210|121|665
187|118|669
205|123|670
314|120|672
310|118|672
331|116|674
274|119|675
189|119|676
140|125|678
168|119|678
97|121|679
121|121|679
135|120|679
151|118|684
273|118|686
297|116|688
119|123|689
32|124|690
84|117|694
351|117|697
161|120|699
38|125|700
311|119|702
269|118|702
125|123|706
344|115|707
5|146|708
13|135|713
329|118|713
127|122|714
242|119|715
338|116|715
171|118|720
307|119|723
14|134|725
101|124|725
61|119|730
181|119|732
117|126|734
177|119|735
193|123|736
259|117|736
47|121|738
258|117|738
150|123|740
325|120|742
211|119|744
220|122|746
55|122|753
339|117|755
280|119|756
155|119|757
100|130|761
165|120|762
80|119|763
7|142|770
218|121|772
57|119|772
130|124|775
321|119|779
174|118|779
248|116|780
170|124|786
249|116|790
255|116|791
188|121|792
118|123|793
129|122|794
265|117|807
356|118|812
113|119|815
36|124|818
317|117|818
235|120|822
223|119|822
298|119|823
17|135|827
330|122|827
10|135|830
94|118|836
355|117|841
.az|117|845
115|122|855
137|120|865
244|116|869
120|129|871
308|119|871
20|133|873
110|124|876
66|123|894
341|117|901
96|122|927
201|122|927
25|128|929
197|121|933
340|119|1000
46|123|1001
301|126|1002
238|121|1003
18|132|1011
229|119|1012
56|119|1014
268|117|1015
78|118|1018
313|121|1020
48|121|1026
77|117|1029
73|121|1037
300|122|1038
23|129|1043
169|119|1054
251|119|1056
53|120|1058
26|128|1059
252|116|1061
257|118|1064
253|119|1072
160|120|1082
240|124|1084
209|120|1093
214|118|1097
204|120|1100
92|119|1100
256|118|1100
42|124|1101
271|118|1102
144|117|1114
34|125|1122
עשור|117|1125
190|120|1129
קילומטר רבוע|127|1151
67|121|1151
44|124|1157
260|119|1157
136|120|1162
241|118|1166
234|118|1168
99|121|1174
282|117|1183
40|125|1184
31|125|1191
69|124|1195
320|119|1196
132|120|1199
2|146|1203
37|129|1236
6|144|1242
43|125|1243
180|123|1243
114|119|1245
81|120|1263
199|119|1263
200|124|1271
303|120|1273
290|117|1277
19|131|1286
133|121|1302
9|140|1308
233|118|1314
349|116|1314
231|119|1315
304|120|1344
93|117|1354
306|117|1359
מרכז אירופה|129|1366
162|119|1380
שיר|145|1404
79|125|1474
270|123|1517
30|131|1538
שפתיים|119|1560
250|120|1576
230|121|1611
חתול רע|122|1767
58|119|1811
בנגלית|167|1854
ספטמבר|255|1868
50|125|1880
קאנדה|116|1888
284|118|1898
49|122|1925
מאי|254|1960
סנט ג'ונס|115|1968
שלום (כתב עת)|122|1975
מערב|154|1980
קילומטר|121|2002
281|116|2009
535|119|2010
ארארה|122|2011
671|118|2031
אלמסאן|167|2045
60|121|2046
654|119|2049
494|114|2049
381|117|2086
איטרזן|222|2089
1016|132|2090
959|128|2091
986|129|2092
921|127|2092
948|127|2093
454|117|2093
438|115|2093
937|130|2094
910|130|2094
842|130|2094
815|127|2094
956|126|2094
568|116|2094
834|125|2095
700|125|2095
370|117|2095
899|130|2096
918|128|2096
907|127|2096
812|127|2096
964|126|2096
823|126|2096
704|120|2096
508|116|2096
435|116|2096
506|115|2096
864|129|2097
742|124|2097
571|120|2097
552|118|2097
533|117|2097
419|114|2097
953|130|2098
991|129|2098
934|129|2098
942|128|2098
926|127|2098
902|127|2098
885|125|2098
723|118|2098
459|118|2098
693|116|2098
514|116|2098
467|116|2098
853|125|2099
769|121|2099
495|117|2099
804|127|2100
861|126|2100
872|125|2100
766|122|2100
625|120|2100
709|119|2100
606|119|2100
549|119|2100
682|117|2100
492|117|2100
421|116|2100
394|116|2100
383|116|2100
372|116|2100
503|115|2100
429|115|2100
522|114|2100
413|114|2100
1928|193|2101
850|128|2102
652|120|2102
364|120|2102
736|118|2102
576|117|2102
557|117|2102
519|114|2102
ג'ירף מנומר|129|2103
866|129|2104
839|126|2104
858|125|2104
771|122|2104
793|120|2104
790|120|2104
733|120|2104
706|120|2104
744|119|2104
649|119|2104
630|119|2104
527|119|2104
782|118|2104
603|118|2104
554|117|2104
546|117|2104
489|117|2104
505|116|2104
516|115|2104
543|118|2105
441|114|2107
998|129|2109
914|126|2109
903|126|2109
952|128|2111
382|116|2111
631|116|2112
996|132|2113
971|131|2113
1046|131|2113
963|130|2113
936|131|2114
990|130|2114
931|130|2114
893|130|2114
841|129|2114
974|128|2114
947|128|2114
928|128|2114
890|128|2114
925|127|2114
898|127|2114
830|126|2114
822|126|2114
817|126|2114
977|125|2114
906|125|2114
887|125|2114
779|119|2114
456|118|2114
464|116|2114
901|131|2115
865|126|2115
705|123|2115
789|121|2115
526|117|2115
515|117|2115
396|115|2116
437|114|2116
426|114|2116
1268|133|2117
648|118|2117
724|117|2117
361|120|2118
1556|146|2119
1567|143|2119
1461|140|2119
1252|135|2119
1176|132|2119
754|121|2119
624|117|2119
583|117|2119
423|115|2119
1537|142|2120
1404|141|2120
1195|132|2120
852|127|2120
874|125|2120
749|121|2120
746|121|2120
711|121|2120
708|121|2120
556|120|2120
548|120|2120
681|119|2120
697|118|2120
621|118|2120
594|118|2120
578|118|2120
537|118|2120
483|118|2120
689|117|2120
665|117|2120
608|117|2120
605|117|2120
545|117|2120
529|117|2120
469|116|2120
521|115|2120
510|115|2120
564|114|2120
559|114|2120
488|114|2120
1564|154|2121
1442|137|2121
1374|136|2121
1138|135|2121
1203|132|2121
1037|132|2121
1298|130|2121
499|115|2121
1477|146|2122
1496|142|2122
1553|141|2122
1469|141|2122
1458|141|2122
1450|139|2122
1146|131|2122
1127|131|2122
1116|128|2122
1561|146|2123
1504|146|2123
1420|139|2123
1048|132|2123
1937|195|2124
1542|149|2124
1485|144|2124
1466|141|2124
1157|135|2124
1279|132|2124
1081|132|2124
1436|139|2125
1405|139|2125
1208|132|2125
1550|148|2126
1474|140|2126
1417|137|2126
1070|132|2126
1493|143|2127
1512|141|2127
1455|141|2127
1447|138|2128
1284|135|2128
1143|131|2129
1936|196|2130
695|120|2131
1964|199|2136
1449|138|2136
1045|129|2137
1568|144|2139
1226|134|2139
1275|135|2140
1131|133|2140
1283|131|2140
447|115|2140
1473|145|2141
1511|143|2141
1425|135|2141
1248|135|2141
1205|135|2141
1278|134|2141
1235|133|2141
1197|133|2141
1286|132|2141
1180|131|2141
1178|131|2141
1186|130|2141
1183|130|2141
1506|150|2142
1571|149|2142
1577|148|2142
1547|148|2142
1552|147|2142
1541|147|2142
1533|147|2142
1503|147|2142
1549|146|2142
1536|146|2142
1525|146|2142
1566|145|2142
1471|145|2142
1574|144|2142
1509|144|2142
1560|143|2142
1484|143|2142
1579|142|2142
1522|142|2142
1498|142|2142
1482|142|2142
1419|142|2142
1430|141|2142
1495|140|2142
1465|139|2142
1463|139|2142
1411|139|2142
1389|139|2142
1457|138|2142
1454|138|2142
1433|138|2142
1422|138|2142
1438|137|2142
1381|137|2142
1273|135|2142
1292|132|2142
1167|132|2142
1327|131|2142
1156|130|2142
1490|146|2143
1416|141|2143
1446|140|2143
1254|140|2143
1403|139|2143
1427|138|2143
1373|134|2143
1245|132|2143
1199|130|2143
1069|130|2143
1289|129|2143
975|127|2143
1216|132|2144
1161|131|2144
1153|133|2145
1137|133|2145
1164|131|2145
1142|131|2145
1121|129|2145
1077|132|2146
1072|129|2146
דקה|134|2151
760|121|2151
דונג הוי|213|2152
1977|195|2152
978|127|2152
1007|131|2153
1222|136|2156
424|115|2157
502|116|2159
457|118|2160
1435|137|2166
מו אגנס|143|2167
752|121|2167
1214|132|2169
1124|131|2170
1534|145|2171
938|128|2171
984|127|2171
919|127|2171
908|127|2171
973|130|2172
915|128|2172
891|125|2172
587|118|2172
1173|130|2173
992|128|2173
935|127|2173
927|126|2173
821|125|2173
368|117|2173
417|116|2173
398|115|2173
840|130|2174
449|115|2174
946|126|2175
753|121|2175
566|115|2175
949|127|2176
832|126|2176
916|125|2176
573|116|2176
905|127|2177
829|127|2177
837|126|2177
501|119|2177
615|117|2177
577|117|2177
539|117|2177
387|116|2177
1028|131|2178
1119|130|2178
924|128|2178
877|128|2178
876|127|2178
894|126|2178
886|125|2178
720|119|2178
452|118|2178
1130|134|2179
1094|134|2179
802|127|2179
892|126|2179
859|126|2179
835|126|2179
816|126|2179
783|122|2179
726|119|2179
699|118|2179
460|118|2179
455|117|2179
490|116|2179
422|116|2179
995|128|2180
569|117|2180
1287|132|2181
582|119|2181
509|117|2181
854|124|2182
758|121|2182
772|120|2182
544|117|2182
379|117|2182
436|115|2182
896|129|2183
590|119|2183
563|115|2183
517|115|2183
970|129|2184
806|127|2184
856|123|2184
498|119|2184
384|119|2184
574|117|2184
593|115|2184
365|115|2184
487|114|2184
810|134|2185
601|120|2185
555|119|2185
734|118|2185
611|118|2185
626|117|2185
620|117|2185
588|117|2185
493|117|2185
696|116|2185
512|115|2185
1194|136|2186
881|126|2186
848|125|2186
735|120|2186
550|119|2186
653|118|2186
579|118|2186
979|128|2187
701|127|2187
674|120|2187
560|118|2187
941|130|2188
458|117|2188
666|118|2189
945|126|2190
409|115|2190
801|128|2191
659|118|2191
884|126|2192
917|125|2192
647|118|2192
638|117|2192
572|117|2192
466|117|2192
388|117|2192
1955|198|2193
662|118|2194
667|117|2194
846|127|2195
983|129|2196
1132|131|2197
690|118|2197
1354|133|2198
819|125|2198
774|119|2198
580|119|2198
523|117|2198
599|115|2198
485|115|2198
1288|134|2199
1231|134|2199
1049|133|2199
1535|146|2200
1528|146|2200
1429|142|2200
1259|134|2200
360|117|2200
1285|133|2201
673|120|2201
1483|150|2202
1518|145|2202
1513|142|2202
1276|133|2202
1184|130|2202
380|117|2202
1494|144|2203
1277|133|2203
1076|131|2203
1570|145|2204
1239|133|2204
1117|131|2204
1565|146|2205
1515|144|2205
1489|144|2205
1472|141|2205
1470|139|2205
1407|136|2205
דרום אסיה|134|2205
1106|132|2205
1160|131|2205
1152|130|2205
562|115|2205
1521|149|2206
1448|138|2206
1258|135|2206
1057|132|2206
1052|131|2206
1198|130|2206
1502|148|2207
1500|148|2207
1510|146|2207
1540|145|2207
1576|142|2207
1312|134|2207
1261|133|2207
1177|133|2207
1281|132|2207
1255|132|2207
597|119|2207
472|116|2207
1557|146|2208
1554|146|2208
1538|142|2208
1464|138|2208
1413|138|2208
1462|137|2208
1432|137|2208
1375|135|2208
1367|135|2208
1329|133|2208
1196|132|2208
1141|132|2208
1158|131|2208
857|123|2208
725|118|2208
1581|142|2209
1497|142|2209
1573|141|2209
1244|133|2209
703|119|2209
679|117|2209
432|116|2209
1481|139|2210
1311|135|2210
1011|131|2210
967|126|2210
943|126|2210
809|126|2210
453|118|2210
1174|134|2211
1109|132|2211
863|127|2211
1423|139|2212
1166|132|2212
913|125|2212
462|116|2212
1290|132|2213
955|131|2213
982|128|2213
781|121|2213
480|119|2213
962|129|2214
904|126|2214
איבר|125|2214
397|119|2214
686|118|2214
1932|198|2215
989|129|2215
1572|145|2216
1129|133|2216
1006|131|2216
607|119|2216
598|117|2216
1089|131|2217
868|126|2217
728|117|2217
1927|194|2219
1309|136|2219
761|120|2219
445|114|2219
410|121|2220
362|117|2220
1940|200|2221
1384|134|2221
833|124|2221
646|118|2221
1192|134|2222
1938|197|2223
440|117|2223
1202|138|2224
530|119|2225
1017|132|2226
1271|130|2226
882|126|2226
691|117|2226
589|117|2226
1314|136|2227
1333|134|2227
1042|131|2227
972|130|2227
1162|134|2228
773|120|2228
1246|134|2229
1517|147|2230
633|116|2230
1505|145|2231
1189|133|2231
1296|131|2231
486|115|2231
687|120|2233
1962|201|2234
1110|133|2234
1021|133|2234
461|118|2234
1452|149|2235
678|117|2236
אפריל|256|2238
1224|136|2238
940|131|2238
1039|133|2239
385|117|2239
392|115|2239
1272|133|2240
1558|147|2242
1154|131|2242
651|119|2243
1181|133|2244
912|130|2244
1265|137|2246
958|129|2246
1445|141|2247
428|117|2248
1200|143|2249
954|127|2250
655|119|2250
1385|136|2251
1406|139|2253
1334|132|2253
855|126|2253
999|131|2254
1139|131|2254
851|125|2254
585|120|2254
יוני|254|2255
1339|133|2255
431|116|2255
1215|133|2256
427|114|2256
738|116|2257
950|131|2258
1491|144|2260
814|133|2260
849|126|2260
1398|136|2261
1097|131|2262
794|121|2262
584|117|2262
988|130|2263
1575|146|2264
1191|134|2264
985|129|2265
785|121|2265
685|119|2265
614|117|2265
412|115|2265
836|125|2266
776|118|2266
518|117|2266
507|114|2266
719|120|2267
688|119|2269
376|116|2269
622|125|2270
784|119|2271
538|117|2271
1431|147|2272
797|123|2272
1241|137|2273
1383|134|2273
1524|143|2274
1123|129|2274
795|122|2274
1476|140|2275
1467|138|2275
787|121|2275
1020|133|2276
765|122|2276
547|119|2276
377|116|2276
1934|197|2277
1172|132|2277
825|128|2279
602|122|2279
635|116|2279
965|130|2281
1262|131|2282
1545|144|2284
1456|139|2284
1112|131|2284
1068|131|2284
סנוניתיים|117|2284
1044|130|2286
1478|141|2287
393|117|2288
504|115|2288
1487|143|2289
1282|132|2289
1140|132|2289
968|127|2289
1409|143|2290
932|131|2290
1251|131|2290
650|123|2290
640|118|2290
575|117|2290
446|115|2290
1056|131|2291
966|129|2291
450|119|2291
591|116|2292
808|126|2293
386|118|2293
780|125|2294
389|117|2294
592|116|2294
845|127|2295
623|118|2295
1519|153|2297
818|125|2299
739|116|2299
1308|133|2300
1014|133|2300
750|127|2300
663|119|2300
1347|132|2301
1344|132|2301
1253|133|2302
586|117|2304
1544|143|2305
1393|136|2305
475|119|2305
1073|132|2306
768|123|2306
497|118|2306
763|122|2307
1267|131|2309
805|126|2309
798|121|2309
1580|148|2310
1415|140|2310
1428|137|2310
729|118|2310
1280|136|2311
1441|140|2312
1305|138|2312
1295|133|2312
716|118|2312
528|115|2312
1204|137|2313
951|133|2314
1210|133|2314
930|131|2314
643|117|2314
1099|138|2315
889|126|2316
762|126|2316
1437|137|2317
1555|144|2318
888|128|2318
838|127|2318
553|119|2318
1061|131|2319
824|124|2319
875|130|2320
869|126|2320
1220|135|2321
1250|137|2322
1361|135|2322
1096|134|2323
873|124|2323
1948|201|2324
1391|138|2325
1439|135|2325
1025|132|2325
828|125|2325
1155|132|2326
1122|133|2327
.tr|120|2327
831|125|2328
1365|138|2329
791|124|2329
707|118|2329
656|118|2329
878|127|2330
1931|193|2331
1211|134|2331
860|127|2331
767|120|2331
677|117|2331
542|115|2333
448|114|2333
418|116|2334
596|115|2334
883|124|2336
551|117|2336
900|133|2337
1342|134|2338
1120|135|2339
944|128|2339
897|127|2339
748|119|2339
698|118|2339
1479|144|2340
1318|134|2340
1297|132|2340
1414|140|2341
1135|135|2341
1355|134|2341
1193|134|2341
1047|130|2341
1257|131|2342
722|117|2342
1104|130|2344
וזול|116|2344
1366|136|2346
1316|135|2346
1169|130|2346
1149|133|2348
1269|129|2348
531|118|2348
1213|133|2349
1376|132|2351
957|126|2351
1965|203|2352
1443|138|2352
658|120|2352
463|116|2352
4|144|2353
1264|131|2353
929|129|2353
1421|140|2354
664|117|2354
1364|135|2355
813|127|2355
444|115|2355
1103|129|2356
778|123|2356
1488|140|2357
1440|137|2358
619|121|2359
1324|138|2360
1144|132|2360
641|119|2360
595|114|2360
1092|133|2361
1206|134|2362
1247|131|2363
1460|141|2364
645|117|2364
617|116|2365
1952|196|2366
660|122|2366
612|119|2366
1358|132|2367
567|115|2367
1401|144|2368
1018|134|2368
740|120|2368
1402|139|2369
1022|130|2369
1087|132|2370
8|141|2371
1126|131|2371
1171|133|2372
684|117|2372
1050|135|2373
1113|132|2373
747|123|2373
366|118|2373
1233|132|2374
434|116|2375
1397|137|2376
1201|137|2376
1095|136|2378
415|115|2378
1074|132|2379
792|120|2379
1225|136|2381
1029|130|2381
1053|130|2382
1302|142|2384
1134|130|2384
1133|132|2385
939|129|2385
1125|133|2386
796|122|2387
759|120|2387
1005|133|2390
777|118|2391
1531|144|2393
721|117|2393
525|117|2393
1100|139|2394
1372|132|2394
1179|133|2396
786|123|2397
1559|144|2398
627|118|2398
477|117|2398
1395|137|2399
1551|144|2400
1128|130|2400
1151|132|2403
1234|135|2404
1229|132|2404
922|127|2404
51|119|2405
1363|132|2407
788|120|2407
439|115|2407
609|118|2408
1382|138|2409
1306|136|2412
1024|132|2412
976|128|2412
484|116|2412
1168|131|2415
670|121|2415
541|117|2416
923|127|2417
1228|134|2418
1040|133|2419
1026|131|2419
1578|146|2421
1227|139|2421
1392|136|2422
1388|133|2422
1313|135|2423
1218|134|2423
375|118|2423
378|116|2425
1982|198|2428
1400|144|2429
1209|135|2429
1055|133|2430
95|118|2430
1085|134|2431
1357|133|2431
1293|133|2431
373|116|2431
1336|134|2432
1243|134|2432
1399|137|2433
369|116|2433
1221|134|2434
1954|200|2436
1396|137|2436
1058|135|2436
478|117|2436
1979|199|2438
1256|132|2439
933|128|2439
676|117|2440
1240|137|2441
1322|132|2441
1175|131|2441
909|127|2441
657|119|2441
1187|135|2442
367|118|2442
1956|197|2444
1145|136|2446
1408|138|2447
1038|132|2448
993|130|2448
880|131|2450
561|116|2450
862|127|2451
52|121|2453
1340|135|2454
879|129|2455
743|120|2455
474|116|2455
מזרח אסיה|135|2456
1207|136|2457
642|118|2457
807|124|2458
981|130|2459
1108|130|2460
416|114|2460
491|119|2461
732|120|2462
1013|130|2463
433|116|2463
675|120|2464
1337|138|2465
1083|130|2466
1170|135|2468
1004|130|2468
1527|149|2469
644|119|2470
961|129|2471
570|124|2474
524|115|2474
1976|196|2475
1101|137|2476
1335|134|2477
847|126|2477
1043|131|2478
680|121|2478
1990|194|2479
1530|149|2480
969|130|2480
1520|152|2482
1332|137|2483
827|126|2483
1546|146|2484
1163|132|2484
1968|201|2485
1064|130|2485
אוכלוסייה|126|2487
558|117|2487
1036|129|2488
727|119|2488
1238|133|2489
דגנים|130|2489
1182|131|2490
1468|139|2491
1359|133|2491
534|119|2493
1343|135|2494
632|127|2496
1291|136|2497
1270|135|2499
717|123|2500
1526|147|2501
1059|130|2501
1352|133|2502
1418|140|2505
1303|137|2505
1360|139|2506
מורוני|127|2506
683|119|2507
600|126|2508
פרוזה|117|2508
411|114|2509
1027|133|2510
1078|131|2511
1054|139|2513
613|117|2513
נובמבר|255|2515
911|129|2516
669|120|2516
1|154|2517
618|119|2519
811|129|2521
402|118|2521
1328|133|2524
408|117|2525
1321|138|2527
1315|132|2527
391|118|2527
1118|130|2528
1317|134|2530
1379|131|2530
714|120|2530
371|115|2535
1319|135|2536
1548|147|2537
1368|138|2537
1307|137|2537
1237|134|2537
1111|136|2541
1323|135|2544
532|118|2545
1933|195|2547
2006|210|2550
1569|148|2551
1475|148|2551
1353|132|2551
1188|132|2551
414|114|2552
1009|133|2553
870|128|2553
דצמבר|253|2554
465|117|2556
סלובנית|140|2558
1997|201|2559
1165|133|2559
1219|133|2560
1994|199|2561
1023|130|2561
1159|130|2562
637|117|2563
616|117|2564
1539|144|2565
1301|137|2565
757|121|2565
610|121|2565
1041|131|2566
1451|147|2567
1185|135|2567
1263|134|2573
1115|131|2573
1350|136|2574
1136|132|2574
1386|139|2576
1341|134|2576
1945|198|2578
867|126|2579
הונשו|120|2580
1944|197|2581
100 (מספר)|119|2581
692|118|2581
1988|193|2582
1091|134|2582
1345|135|2585
1230|134|2585
1330|133|2588
1325|135|2590
403|115|2590
1060|135|2591
496|119|2591
1304|140|2592
604|120|2593
1532|142|2595
1088|132|2595
628|119|2595
אוקטובר|254|2596
1562|145|2596
1394|136|2597
1067|133|2598
1080|134|2604
1105|131|2604
1947|198|2608
511|121|2608
1082|132|2610
יום שני|235|2611
2007|213|2614
1929|193|2614
פנים|124|2614
1563|141|2615
843|131|2618
1114|130|2618
764|121|2618
1346|133|2620
1019|130|2624
צ'יטגונג|121|2626
1217|132|2628
871|130|2631
1148|134|2636
1232|130|2636
1412|140|2637
גליסית|125|2637
אינטרלינגואה|118|2642
1010|134|2644
1079|132|2647
1190|137|2649
1349|131|2649
741|123|2650
960|131|2656
1062|129|2660
661|124|2660
1338|133|2661
1434|138|2664
1380|137|2664
826|126|2665
1378|136|2669
920|128|2669
1098|132|2670
404|117|2671
395|124|2674
1331|135|2676
1003|134|2676
1075|131|2677
אוגוסט|254|2684
1223|137|2684
1107|131|2686
803|126|2686
נאצ'אנג|142|2690
694|117|2691
2005|209|2692
1998|199|2692
1930|194|2693
מאלה|130|2703
1051|130|2706
407|116|2707
987|132|2708
540|119|2710
629|116|2711
1390|141|2712
844|127|2718
ליטר|125|2718
1084|130|2720
1071|135|2723
1369|136|2729
1035|134|2732
639|118|2732
1507|143|2733
1012|133|2733
1995|199|2734
70|126|2737
737|118|2737
1242|134|2738
1086|132|2738
1310|137|2742
1351|134|2742
אנגון|143|2745
309|121|2747
406|116|2753
1946|198|2755
1260|134|2756
770|125|2757
751|122|2757
430|119|2757
500|123|2758
אנטרנה|114|2758
לאציו|129|2765
756|121|2765
1326|135|2766
1093|134|2767
1987|193|2773
718|119|2773
1980|198|2774
1986|195|2774
520|117|2776
1958|200|2778
1499|144|2783
1002|138|2787
סיליגו|182|2788
1492|152|2789
634|117|2790
1975|196|2791
668|122|2792
יולי|254|2795
1516|141|2798
1453|144|2799
1348|136|2802
1150|132|2805
1015|130|2806
מונסון (ספרד)|176|2807
405|116|2809
רומאנש|118|2810
468|118|2811
1001|138|2812
997|130|2815
1543|150|2817
451|119|2820
2002|204|2822
פין (בעלי חיים)|134|2824
1960|200|2825
476|124|2827
ניז'ר (נהר)|141|2828
470|117|2828
1501|148|2833
פורטו נובו|137|2833
ליברוויל|139|2834
1981|200|2835
קוריטיבה (כדורגל)|114|2836
1926|194|2837
1294|131|2837
425|116|2841
1370|135|2842
1090|135|2843
1008|133|2849
ג'ורג'טאון (גיאנה)|120|2850
713|120|2852
672|121|2853
1984|202|2855
מורסקי שיקיבו|133|2857
1356|133|2861
1426|137|2866
1951|196|2874
1212|131|2875
1034|130|2876
994|128|2877
כף|121|2893
לובז|186|2910
1063|129|2915
401|120|2926
1300|141|2931
473|117|2931
1991|199|2948
1371|138|2954
1377|136|2958
אחמדאבאד|118|2965
אינדונזית|138|2968
390|115|2968
895|125|2970
ביסאו|143|2971
עמק|119|2973
אמפר|116|2975
מלנזיה|115|2980
1236|135|2981
1950|198|2989
731|120|2990
1983|198|2996
1065|132|3000
820|128|3003
1410|142|3006
581|117|3016
1102|132|3019
1943|195|3026
1959|197|3028
מאדהיה פרדש|120|3034
ונטו|124|3037
מפוטו|141|3049
1941|196|3053
1066|138|3053
E|146|3055
H|137|3065
D|147|3068
730|120|3084
755|122|3097
420|116|3101
U|136|3102
מרכז אסיה|141|3110
O|139|3121
איל-דה-פראנס|117|3128
2 (מספר)|170|3132
471|115|3155
הקטאר|115|3158
ואדוץ|154|3167
702|120|3176
מלאבו|135|3193
1949|201|3194
בוסנית|116|3202
1032|132|3206
בריסל (מחוז)|115|3208
1935|196|3213
1967|201|3215
דין|179|3219
בוטניקה|173|3219
1974|195|3228
בוהריום|130|3238
636|121|3243
1514|145|3268
1939|196|3275
2009|212|3278
1147|135|3279
הים הערבי|121|3281
1274|134|3282
1362|134|3296
2004|208|3302
מייטנריום|129|3308
המנון לאומי|141|3311
1961|200|3315
ברייניגרברג|123|3315
בנג'ול|141|3334
נמל התעופה דונג הוי|173|3352
481|116|3357
הוקאידו|129|3369
נפאלית|116|3371
אורך|116|3373
1985|200|3374
נואקשוט|133|3377
1999|204|3386
1486|142|3389
400|125|3396
1583|142|3403
1594|149|3406
1299|135|3407
980|134|3408
ז'אן-בטיסט ז'וזף פורייה|116|3411
479|114|3413
1588|146|3417
1842|170|3418
1599|146|3418
1906|200|3419
1819|173|3419
1892|178|3420
1854|170|3420
1709|158|3420
1697|152|3421
ז'אק קרטייה|141|3421
1827|168|3422
1670|149|3422
G|138|3422
1689|151|3423
1651|148|3424
1602|148|3424
1613|147|3424
1702|158|3425
1632|153|3425
1716|161|3426
1667|151|3426
1675|151|3427
1659|150|3427
1629|148|3427
482|115|3427
1823|167|3428
1732|161|3428
1694|155|3428
1664|152|3428
1822|172|3429
קרואטית|169|3429
1746|163|3429
1925|190|3430
הנהר הצהוב|139|3430
1869|176|3431
1803|173|3431
1784|164|3431
1747|160|3431
1740|159|3431
1721|158|3431
1626|151|3431
ברבור (סוג)|130|3431
1811|171|3433
1686|146|3433
1808|169|3434
1884|176|3435
1781|162|3435
1743|162|3435
1873|175|3436
1778|164|3439
1587|142|3442
משורר|126|3442
1918|196|3444
1508|141|3444
1585|143|3446
1910|197|3447
1807|172|3447
1800|171|3448
1739|159|3454
1699|153|3454
1953|198|3456
1640|156|3456
1690|151|3456
פפאיה|140|3456
1691|155|3457
1615|150|3457
1849|173|3459
1834|169|3461
1672|157|3462
1914|192|3464
1621|148|3466
יאנגון|121|3466
1767|160|3468
359|116|3468
374|116|3477
1921|195|3479
2017|197|3483
565|120|3484
1727|161|3486
1600|154|3490
1614|149|3494
1589|142|3495
1676|149|3499
1586|141|3499
האסיום|131|3499
799|120|3499
1855|173|3501
1852|173|3501
1698|154|3502
1683|154|3502
1660|154|3502
1638|149|3502
1619|147|3503
1597|146|3503
1909|195|3505
1668|148|3505
1904|200|3506
1733|156|3506
1646|154|3506
1603|153|3506
1703|160|3507
1627|154|3507
1608|152|3507
1700|156|3508
1665|152|3508
9 (מספר)|147|3508
1722|160|3509
1841|174|3510
1736|161|3510
1705|158|3510
1717|157|3510
1695|154|3510
1673|153|3510
1662|149|3510
1817|171|3511
1652|151|3511
1657|150|3511
1711|162|3512
1634|151|3512
1654|149|3512
1611|146|3512
775|122|3513
1880|173|3514
1868|173|3514
1605|153|3514
1850|178|3515
1748|159|3515
1744|158|3515
1806|171|3516
1785|161|3516
1874|175|3517
1820|172|3517
1790|168|3517
1795|166|3517
1787|165|3517
1749|161|3517
1741|159|3517
1607|148|3517
1836|175|3518
1858|170|3518
1833|169|3518
1765|161|3518
1828|168|3519
1782|162|3519
1774|162|3519
1770|165|3521
1757|163|3521
1763|159|3521
לי באי|141|3521
1923|191|3522
1752|159|3522
1903|198|3523
1911|197|3523
1593|142|3524
1857|176|3525
1601|150|3525
1590|142|3525
1902|198|3527
1898|181|3527
1606|152|3527
1647|147|3527
1796|164|3528
סלובקית|153|3530
1617|146|3530
1824|167|3531
1723|159|3531
1636|150|3531
1789|168|3532
1644|155|3532
1642|157|3533
1856|176|3534
1674|150|3534
1720|157|3535
1677|149|3535
1830|172|3536
1780|162|3536
1731|154|3536
1631|149|3536
1612|148|3536
1867|175|3537
1799|168|3537
1772|162|3537
1707|162|3537
1710|161|3537
1650|153|3537
1845|168|3538
1639|144|3538
1883|176|3539
1875|176|3539
1878|173|3539
1688|151|3539
1917|197|3540
1864|176|3540
1604|149|3540
1872|172|3541
1718|158|3541
1894|180|3542
1788|165|3542
1737|158|3542
1802|172|3543
1843|168|3543
1708|159|3544
1745|158|3544
1920|193|3545
1862|174|3545
1831|173|3545
מוצק|124|3545
1924|192|3546
1794|167|3546
1764|161|3546
1870|177|3547
1758|167|3547
1729|158|3549
1966|198|3550
1885|179|3550
קרחון יבשתי|130|3550
1916|191|3554
1861|174|3555
1957|197|3557
1851|171|3559
1610|151|3559
1919|194|3562
1913|193|3562
1887|175|3563
1031|131|3563
1859|172|3564
1759|163|3565
1762|163|3566
1724|160|3566
1792|166|3571
1876|171|3573
1618|148|3573
1775|166|3575
2013|207|3576
1766|160|3580
1444|139|3582
1653|149|3583
לומה|133|3586
1681|149|3589
1912|194|3590
1624|149|3591
1633|146|3593
1671|145|3593
1726|155|3594
1656|152|3597
מרץ|254|3599
1719|158|3600
1480|142|3600
1754|161|3602
1643|157|3602
M|137|3604
1713|159|3605
1942|198|3607
1598|144|3612
1989|198|3613
1696|155|3615
1669|154|3615
1915|193|3616
1805|170|3617
1838|168|3617
1846|174|3619
1692|152|3619
1682|149|3619
1895|182|3622
1684|148|3622
1687|150|3626
1825|174|3627
1641|147|3627
2008|210|3630
1714|158|3630
1891|180|3631
1798|164|3633
1678|149|3635
1821|172|3636
1584|147|3636
1693|152|3638
1786|160|3640
1625|148|3642
1424|139|3642
1595|145|3643
2012|207|3644
1907|196|3644
1791|168|3647
1645|150|3650
1888|178|3654
1680|150|3656
1839|168|3657
1635|147|3657
1801|176|3659
פודולסק|130|3659
1648|154|3660
1591|145|3663
1756|168|3664
1879|177|3668
1735|159|3668
1844|174|3670
1658|149|3670
2000|205|3672
N|138|3673
1832|173|3674
1812|170|3675
1755|161|3676
B|152|3678
יום שפת האם הבין-לאומי|137|3678
1623|148|3684
חואנג שיאנפאן|164|3686
1734|158|3686
סאפורו|126|3686
1877|174|3688
1853|173|3690
1679|149|3690
1826|169|3695
1899|186|3696
1815|174|3696
זמן אוניברסלי מתואם|140|3697
745|120|3701
1866|171|3702
1840|173|3706
1810|175|3710
1730|158|3714
1835|172|3717
1712|161|3717
1882|176|3718
1771|161|3719
1704|160|3719
1620|147|3719
1715|159|3720
1596|147|3720
1761|159|3722
1970|195|3724
1655|148|3726
1773|161|3727
1725|161|3729
1742|158|3737
2010|207|3738
פה|145|3738
1753|160|3739
1871|175|3743
1033|130|3743
דרום|156|3745
1837|172|3746
1978|196|3747
1616|156|3747
1628|147|3748
1814|173|3754
1592|146|3754
1818|168|3755
1622|154|3756
ארכיפלג|133|3756
1776|166|3763
1779|159|3764
ניאמיי|137|3764
1973|198|3775
1701|157|3776
1848|172|3785
ינואר|263|3786
1706|158|3788
1529|144|3790
מזג אוויר|143|3791
363|118|3792
טמילית|149|3805
1783|162|3810
פרנציום|144|3810
1816|168|3814
1897|181|3816
I|136|3828
1893|180|3829
לוגו (עיר)|124|3838
1863|173|3842
1661|150|3846
קואורדינטות גאוגרפיות|167|3849
אמריציום|133|3852
1637|145|3853
800|135|3853
1728|160|3854
1768|161|3856
1847|176|3860
אפרסק|143|3860
1901|200|3875
W|135|3875
1793|166|3876
L|136|3879
1890|181|3882
אסטטין|138|3888
1865|176|3890
מיקרונזיה (אזור)|117|3890
1609|147|3893
V|132|3897
2019|199|3902
1760|165|3911
Radio Studio 54 Network|136|3915
מפלגת העצמאות הפוארטוריקנית|118|3915
משקה|118|3926
1829|172|3931
1992|197|3933
1769|161|3938
1663|149|3938
1777|162|3940
שחקן|140|3945
712|119|3951
1320|133|3959
1751|160|3963
A|160|3964
לוקסמבורגית|119|3969
1886|174|3998
1813|172|4006
סן סלוודור|123|4017
1860|175|4020
סירה|123|4027
1523|143|4048
710|122|4048
טרביום|126|4059
1908|198|4063
1896|179|4070
2001|211|4073
1889|179|4074
1649|147|4074
צפון אוסטיה - אלניה|122|4075
1881|180|4086
אפיה (עיר)|119|4092
אנטומיה|161|4095
1905|195|4107
אזרים|117|4114
טבק (חומר גלם)|127|4124
ברווז|134|4147
ריבוע|141|4153
1387|135|4162
1900|193|4169
רתרפורדיום|133|4169
11 (מספר)|117|4174
ברזוויל|148|4179
כף יד|151|4191
ליברמוריום|121|4195
קוריום|130|4202
1459|139|4214
2014|202|4231
הים הקריבי|164|4238
P|138|4241
פלרוביום|121|4243
אפריקאנס|162|4257
אקטיניום|135|4267
מונטה אגילה|202|4269
8 (מספר)|148|4270
מנדלביום|127|4273
פרמיום|129|4285
2011|203|4286
בנגלור|133|4294
ויקטוריה (סיישל)|125|4297
בלמופן|123|4298
Q|134|4301
F|138|4303
לוטציום|132|4305
שנת אור|145|4307
1030|136|4317
פראיה|136|4320
מזרח|160|4322
ברקליום|129|4332
אוסמיום|141|4334
צנון|120|4347
13 (מספר)|115|4348
הכנסייה האמיתית של ישו|276|4368
2003|206|4375
מרכז אפריקה|120|4380
הרי אורל|123|4384
1969|199|4392
T|136|4398
1922|196|4413
שפות טורקיות|115|4414
K|136|4422
מוזיאון|138|4423
דורה|119|4423
משפחה (טקסונומיה)|129|4438
ג'פרי צ'וסר|130|4440
399|117|4444
1630|152|4455
עינב|161|4457
נג'מנה|136|4461
1666|151|4473
R|137|4476
אירופיום|135|4479
מפולת שלגים|115|4479
הימות הגדולות|135|4491
רומן|143|4498
איטרביום|127|4500
תוליום|125|4500
אבוג'ה|160|4504
2016|198|4509
חצי אי|135|4523
ממפיס|116|4527
1971|203|4528
ארביום|127|4541
רניום|136|4547
1972|195|4551
סמריום|129|4557
טלוגו|120|4560
רובידיום|143|4564
המאה ה-3|129|4575
Y|132|4579
פרסאודימיום|131|4587
שעה|139|4596
Z|134|4607
טרנטינו-אלטו אדיג'ה|118|4607
פורט מורסבי|124|4617
שם עצם|138|4622
פולינזיה הצרפתית|136|4635
יום השבת|227|4645
ואגאדוגו|137|4651
פרומתיום|131|4656
תרכובת|130|4664
1266|132|4672
סכין|148|4681
גאלית סקוטית|122|4684
1809|180|4704
דקר (עיר)|144|4709
דיספרוסיום|129|4711
ג'נגג'ואו|122|4720
אינגושטיה|118|4721
לשון (איבר)|151|4754
בזיליקטה|117|4758
פרובינציה|141|4762
סקסוניה התחתונה|140|4763
2018|199|4765
ויקיטקסט|118|4782
1249|134|4788
C|148|4790
שולחן|122|4794
J|137|4820
טטרית|121|4836
פועל (בלשנות)|148|4842
ארנבים|122|4846
בהימרו רמג'י אמבדקאר|130|4852
בישקק|153|4877
תחבורה|155|4885
בוא, כלב, בוא!|152|4894
1797|167|4902
מילווקי|120|4912
1750|164|4913
לורנציום|127|4919
קלווין|121|4921
מטאפיזיקה|116|4923
גרנדה (ספרד)|119|4924
רפאל אורוסקו מאסטרה|192|4928
1993|199|4961
סן-פייר ומיקלון|119|4961
בריום|148|4965
אמיליה-רומאניה|121|4966
נמל התעופה הבין-לאומי טן סון נהאט|163|4985
חאפז|117|4998
קונסקובולה|197|5015
סאו טומה (עיר)|124|5018
הולמיום|127|5023
גז|153|5026
אוזבקית|114|5031
המאה ה-2|130|5052
אבו נוואס|128|5117
מספר טבעי|143|5120
2015|203|5126
אומה|116|5139
המאה ה-4|128|5149
2023|161|5151
מסרו|131|5159
ז'אן-אוגוסט-דומיניק אנגר|119|5160
נגויה|131|5170
מסקט|135|5174
"מסת""ב"|139|5185
דילי|134|5202
לטאות|133|5212
חידקל|116|5212
הריאנה|119|5213
ים סין הדרומי|117|5220
ניהוניום|123|5221
715|122|5221
אות|133|5242
תעשייה|132|5251
2021|186|5271
ראש|147|5276
אורגניזם|146|5281
שושלת האן|117|5285
ויקימילון|131|5302
536|120|5307
פורט אוף ספיין|116|5309
אמריקה המרכזית|151|5310
מספר אטומי|131|5330
סקסוניה|145|5337
קרליה (רפובליקה)|121|5337
אוזאסקו|206|5339
תליום|136|5340
אוקיינוס הקרח הצפוני|199|5344
טמפרה (עיר)|129|5353
הים הצפוני|167|5377
פנדמיה|138|5384
פריטאון|134|5393
בסיס (כימיה)|115|5402
גרמניום|141|5403
הים האדריאטי|137|5406
ויינטיאן|146|5412
סיבורגיום|132|5420
חום (צבע)|119|5421
בנדר סרי בגוואן|131|5422
S|136|5426
סיביר|145|5431
וולגה|167|5433
אוקסיטנית|153|5449
פרוטקטיניום|130|5449
יאמוסוקרו|137|5460
איטריום|137|5461
פברואר|257|5464
כיסא|135|5467
הפניום|139|5486
גוואדלופ|140|5496
מנאמה|135|5497
נפטוניום|135|5514
X|130|5519
ים אזוב|118|5532
מוטורהד|134|5535
אנטננריבו|137|5540
פור לואי|131|5547
צ'ובשיה|117|5573
צסיום|144|5595
גינאה החדשה|122|5603
נאנג'ינג|116|5614
טנסין|115|5643
אנטימון|143|5645
יום רביעי|229|5650
מבבנה|126|5659
ראלי (קרוליינה הצפונית)|115|5663
רפובליקת קומי|116|5664
טושירו מיפונה|118|5672
יום חמישי|233|5689
1738|158|5702
מדעי החברה|127|5710
רודיום|137|5714
ניאוביום|141|5736
אברוצו|120|5740
ג'אווה|136|5748
אופה (עיר)|119|5752
פחם|120|5756
חבל הסאר|140|5759
ביסמרק (דקוטה הצפונית)|117|5761
הינדי|175|5762
קינגסטון|129|5769
סנטה פה|116|5770
נאודימיום|131|5772
ברטונית|120|5778
תאית (שפה)|132|5783
סן חוסה|124|5804
סקסוניה-אנהלט|134|5806
לנתן|136|5834
יבשת|226|5843
המאה ה-6|129|5854
הארארה|140|5858
ערפל|121|5862
בורנאו|118|5863
2020|192|5897
ביסמוט|143|5899
1685|156|5907
מוחמד אבן מוסא אל-ח'ואריזמי|136|5922
מזרח אירופה|130|5924
דושנבה|147|5926
לאו דזה|143|5942
רופא|135|5944
ארונאצ'ל פרדש|121|5955
טלור|138|5962
1 (מספר)|183|5969
הסן|153|5985
ציפורן (תבלין)|119|5987
אפור|119|5997
מגנט|120|6007
קסטיליה ולאון|116|6014
פנג'אבי|122|6020
ברמן (מדינה)|121|6021
מערב אירופה|129|6027
אינדוס|140|6031
קראקס|168|6033
הבשורה על-פי מתי|119|6050
10 (מספר)|144|6051
גוודלחרה (מקסיקו)|152|6064
שדר (עץ)|119|6069
ארגון (יסוד)|158|6072
כף רגל|126|6073
ריינלנד-פפאלץ|137|6075
קזחית|134|6080
ראג'סטאן|118|6089
פיימונטה|129|6095
נוזל|130|6103
צ'האטיסגאר|115|6114
אפונה|134|6117
הים השחור|200|6133
קיימברידג'|119|6141
מניטובה|128|6159
בסקין-רובינס|115|6165
המאה ה-5|128|6194
אינדיום|136|6199
טורפים|120|6200
קולומבו|127|6203
רואן|133|6205
פורט-או-פרנס|121|6218
מונטסראט|126|6220
גרנובל|121|6242
פולוניום|141|6252
מאלגה|118|6253
סגסוגת|115|6256
משוואה|120|6260
סקנדיום|142|6262
סיקים|120|6275
קופרניקיום|124|6276
מזרח אפריקה|120|6296
קארדיף|124|6363
2022|181|6366
בוג'ומבורה|136|6369
הרי הפירנאים|118|6373
נארוהיטו, קיסר יפן|182|6375
כפר|160|6376
סתיו|174|6388
מאה (זמן)|160|6388
קריפטון|146|6388
אנגקור ואט|120|6389
האנטילים ההולנדיים|115|6391
1996|201|6395
כווית (עיר)|139|6407
זירקוניום|138|6414
הרי הרוקי|138|6433
סופר|146|6442
ארד|123|6444
פלדיום|141|6447
אירידיום|142|6451
נגסאקי|119|6452
קליפורניום|131|6457
ויקטוריה (אוסטרליה)|115|6475
אומסק|115|6503
יוונית עתיקה|115|6516
קירגיזית|120|6517
כתום|130|6524
אשגבאט|153|6531
ח'רטום|146|6545
סוג (טקסונומיה)|126|6551
כלי נגינה|128|6558
גלאזגו|140|6559
אסלאמאבאד|160|6561
דרום-מזרח אסיה|134|6565
סרגוסה|125|6575
הוליווד|118|6584
פלטינה|150|6595
כרוב|129|6608
לה פאס|126|6623
שם תואר|122|6634
קאלידאסה|128|6635
ג'נג חה|133|6648
תוכנה|132|6652
מיניאפוליס|121|6659
הים האגאי|130|6680
מפלי ניאגרה|119|6683
נשיא|138|6705
בעלי פרחים|123|6731
יום ראשון|235|6737
1000|140|6744
מוסקוביום|121|6749
ספרינגפילד (אילינוי)|118|6749
פרוקי-רגליים|129|6753
הבה קמרגו|147|6758
שארלוט רמפלינג|123|6761
תורינגיה|136|6769
נסאו|118|6769
פלוטוניום|142|6785
רנטגניום|126|6794
לינוס טורבאלדס|117|6815
יום שלישי|231|6818
מדיין|126|6826
אלקטרוניקה|144|6857
מקדונית|134|6874
גואטמלה סיטי|125|6874
גנגס|153|6875
נקריים|120|6877
תפילת האדון|175|6885
שיפון (דגן)|125|6887
בעלי חוליות|141|6898
קמפניה|120|6899
חוקה|153|6931
הו צ'י מין|120|6949
קיגאלי|139|6950
שמיים|135|6953
נרתיק|144|6956
דרמשטאדטיום|127|6966
קיץ|183|7002
ג'איפור|115|7004
אי הנסיך אדוארד|114|7004
שפות סלאביות|138|7012
בריטניה הגדולה|151|7028
טהימפהו|143|7044
בולגרית|158|7064
פולקלור|122|7073
אסטונית|151|7081
פוליה|126|7084
פטיש|124|7088
מפרץ מקסיקו|115|7096
ברכייה|125|7101
חצי האי האיברי|130|7144
אלפבית פונטי בין-לאומי|152|7147
יאנגצה|144|7148
מיתרניים|145|7159
תקופת הברזל|145|7174
זרע (בוטניקה)|116|7182
אסטוריאס|119|7226
יער|181|7257
אוסטרליה (יבשת)|125|7257
מוזיאון ד'אורסה|119|7257
צומח|227|7266
קנברה|173|7267
מקלנבורג-מערב פומרניה|138|7267
אגם|183|7272
סטרונציום|144|7290
קלדוניה החדשה|145|7294
טלהסי|118|7305
אשלגן|161|7324
קברדינו-בלקריה|116|7329
12 (מספר)|118|7331
הקוטב הדרומי|132|7340
כולכיתיים|157|7341
אסאם|127|7356
לבנה (בנייה)|121|7358
1804|173|7366
הימאצ'ל פרדש|117|7366
ביבליה|256|7372
הים הכספי|181|7377
מוגדישו|141|7383
ססקצ'ואן|123|7400
שלד|123|7402
ז'ורז' פומפידו|129|7407
רובה (עיר)|174|7434
פשטו|120|7439
קו רוחב|120|7445
ויסבאדן|136|7464
ברך|120|7503
האי מאן|143|7508
ניקל|150|7511
האוקיינוס הדרומי|171|7512
רדון|145|7524
אייל הצפון|114|7534
ולינגטון (ניו זילנד)|155|7537
תוכאים|133|7569
29 בפברואר|192|7571
6 (מספר)|150|7572
קסנון|145|7584
הנגול|126|7598
אטימולוגיה|122|7622
שיווה|124|7635
עמוד ראשי|329|7660
קורוב|236|7660
נובליום|130|7668
בנגי|139|7685
לורדי|140|7700
"אופ""ק"|127|7719
סלניום|145|7746
יוהאן גוטנברג|151|7779
מיתולוגיה|148|7813
ארובה (טריטוריה)|161|7823
ברד|117|7833
אנרי מאטיס|142|7846
אופנה|114|7846
ואסקו דה גאמה|159|7859
קלגרי|117|7859
מלבן|116|7885
מפלגה|136|7887
טכנציום|138|7902
שלזוויג-הולשטיין|141|7914
פרי|172|7925
ביוכימיה|127|7937
טוסקנה|130|7938
אנגווילה|133|7941
ונדיום|146|7958
טונגסטן|143|7958
ליל|133|7963
טיינג'ין|125|7982
מונגולית|124|7986
סאוטה|129|8004
ולנסיה|137|8018
אודישה|123|8028
רדיום|146|8030
גזר|118|8033
טולוז|141|8048
רפובליקה|177|8051
צ'ונגצ'ינג|120|8052
חבל הבסקים|123|8059
כתיבה|133|8086
הנדסה|159|8088
תקופת האבן|154|8090
מדיירה|118|8092
קרנאטקה|122|8096
זרם חשמלי|121|8098
תחילת שנה חדשה|125|8130
אוקלנד (ניו זילנד)|124|8146
כוח (פיזיקה)|145|8157
מרטיניק|146|8160
מנגן|150|8202
סנטיאגו דה קומפוסטלה|129|8208
אלמטי|127|8218
מדד הפיתוח האנושי|120|8221
סרבית|144|8223
מולקולה|152|8228
גורילה|118|8229
סופוקלס|140|8238
אנדורה לה ולה|162|8262
דאר א-סלאם|118|8266
כרום|151|8279
צריום|133|8343
מונסורו|147|8345
אינדירה גנדי|125|8349
צבועיים|122|8356
גיאנה הצרפתית|170|8376
עיתונאות|121|8390
תרד|120|8397
ג'ודי גרלנד|122|8420
רפובליקת סאחה-יקוטיה|122|8436
השועל והכלבלב|121|8444
קרני רנטגן|117|8446
איינשטייניום|131|8460
חילוק|115|8475
לימון|157|8493
אגס|125|8500
אבן ח'לדון|124|8504
גואם|151|8510
נייפידאו|130|8563
טשקנט|158|8567
פרנסיסקו דה גויה|151|8603
סכר|129|8609
אדמונד הילרי|118|8610
קילימנג'רו|156|8624
מנילה|169|8661
נורדריין-וסטפאליה|148|8661
קלבריה|132|8670
מיינץ|121|8673
שחרור|116|8674
שנייה|154|8684
ברמודה|150|8689
אלבקרקי|116|8707
קורדובה (ספרד)|115|8723
ניב (סיווג שפה)|129|8748
טאג' מהאל|157|8750
אוגאנסון|122|8753
אגם טיטיקקה|114|8771
ג'יבוטי (עיר)|125|8786
סרטנים קצרי בטן|125|8791
מטר|165|8807
המאה ה-9|132|8808
5 (מספר)|154|8822
חולדה|123|8822
לוטרה אירופית|118|8823
מגדבורג|118|8824
משמש|118|8831
קמפלה|148|8834
ראוניון|147|8840
תדירות|119|8851
בריליום|166|8862
נונאווט|120|8867
מספר|180|8879
אולנד|137|8887
הברית הישנה|145|8893
ניו ברנזוויק|116|8902
פונטיקה|116|8930
לומברדיה|130|8951
19 ביולי|190|8976
קיריבטי|203|8979
ברמן|133|8992
צעצוע|121|9003
לבן|160|9039
אנה נטרבקו|160|9048
ויקיפדיה האנגלית|119|9054
שלום|146|9058
פוליתאיזם|115|9062
קובלט|150|9082
ורד|146|9082
כלור|162|9095
סוקרה|122|9106
קלינינגרד (מחוז)|119|9107
רואלד אמונדסן|151|9153
חום (תסמין)|119|9168
דלהי|162|9171
גאורגית|143|9171
שטח|158|9189
מנגואה|129|9198
3 ביולי|189|9210
בורג' ח'ליפה|121|9211
אמריקה הדרומית|250|9231
פירמידה (מבנה)|124|9232
אלפרד נובל|150|9233
שטוטגרט|143|9236
ניאון|167|9239
ירוואן|179|9250
שפות רומאניות|145|9266
שפה רשמית|158|9268
נגיף קורונה|120|9272
טמפרטורה|142|9281
קדמיום|145|9296
הלוח המוסלמי|122|9301
גאומטריה|174|9303
כלביים|115|9335
בזאנסון|115|9340
סן אנטוניו|125|9341
ריאד|152|9346
עמוד השדרה|115|9358
אל-מדינה|130|9389
קילוגרם|142|9391
גדוליניום|130|9393
קולומבוס (אוהיו)|134|9397
בסהאנטר|199|9404
ריק|120|9424
מזון|177|9428
בדיל|168|9441
עז הבית|178|9450
אנדרה פרדש|126|9464
קונאקרי|136|9487
טוקלאו|124|9489
מהאראשטרה|126|9492
אבו דאבי|151|9496
ריין|159|9498
סנטו דומינגו|120|9502
אמריקה הצפונית|251|9506
דמיטרי מנדלייב|144|9527
פנמה סיטי|126|9539
אוקספורד|125|9541
אסיה הקטנה|137|9558
שתן|121|9563
בשקורטוסטן|126|9571
אוטר פרדש|120|9577
26 ביוני|188|9582
אולבני|114|9588
קונגו (נהר)|146|9599
פרדיננד מרקוס|129|9611
ממשלה|162|9622
צפיפות אוכלוסייה|131|9622
קוריאנית|170|9631
ביוגרפיה|124|9639
רפאל קוראה|155|9640
אוקטב מירבו|143|9652
פרימטים|123|9665
בשורות|130|9672
אקלים|153|9673
תעלת מים|120|9674
אננס|129|9678
הכנסייה הקתולית|166|9685
שרה ברנאר|154|9686
יוניים|157|9690
רכיכות|119|9705
אזרית|168|9726
גואה|124|9727
סבון|130|9732
מונטגומרי (אלבמה)|125|9747
סנסקריט|176|9750
אזור זמן|170|9753
רבייה|120|9773
קאבול|170|9779
אגם ויקטוריה|139|9786
שועל מצוי|143|9802
ואל ד'אוסטה|116|9803
שיבולת-שועל|133|9829
אראגון|127|9847
איי ג'ורג'יה הדרומית ואיי סנדוויץ' הדרומיים|116|9854
ברום|144|9868
אוקראינית|173|9875
ג'ון מיינרד קיינס|124|9889
שיטפון|141|9907
ימת באיקל|150|9910
זברה|145|9926
בלומפונטיין|123|9972
חיפושיות|117|9982
הימלאיה|177|10003
גבון|232|10008
תוריום|135|10009
לוח שנה|175|10014
דה מוין|122|10017
הונולולו|158|10020
קרח|147|10021
סנט לוסיה|195|10024
צפיפות החומר|115|10039
אורניום|161|10043
מטוס|170|10071
זארבריקן|116|10076
מכרסמים|133|10088
טגוסיגלפה|129|10093
ג'דה|128|10101
נוק|123|10122
באן קי-מון|121|10129
טובאלו|201|10131
אף|164|10139
המאה ה-1|134|10143
ג'קסון (מיסיסיפי)|119|10158
אוסקה|152|10162
גוג'ראט|131|10163
ולרי לאונטייב|129|10169
מלייה|122|10172
סמרה|117|10173
אייל קורא|117|10182
האזור הארקטי|122|10188
ביהר|122|10188
אינסברוק|123|10196
רותניום|136|10198
מוליבדן|139|10223
נאנט|127|10249
ליון|156|10285
אוסטרליה הדרומית|123|10298
דקדוק|164|10302
23 ביוני|188|10307
גרעין האטום|116|10333
שחור|166|10339
19 ביוני|189|10345
אלג'יר|167|10361
קרלה|125|10382
ההכרזה לכל באי עולם בדבר זכויות האדם|160|10393
אדיס אבבה|159|10393
וילהלם רנטגן|132|10399
23 באוקטובר|190|10403
ים יפן|118|10410
אבק שרפה|118|10412
קוקוס|140|10425
5 ביוני|188|10427
תוף|121|10443
איי קוק|145|10449
טנטלום|138|10449
יממה|210|10458
ראמה התשיעי, מלך תאילנד|132|10470
היידראבאד|119|10528
כנסייה|146|10533
ויקי|143|10540
16 בספטמבר|189|10541
27 במאי|187|10550
סקרמנטו|147|10555
פרת'|141|10559
מהירות|122|10562
תקופת הברונזה|143|10566
בורדו|147|10572
27 באפריל|192|10573
בית מגורים|186|10585
לב|191|10598
אדלייד|131|10611
ירוק|164|10625
נייטרון|135|10626
פלאו|206|10632
כוכב לכת ננסי|119|10651
דודומה|136|10682
וינדהוק|146|10694
צ'ין שה-חואנג, קיסר סין|172|10695
5 ביולי|189|10696
דמויי כריש|143|10708
צ'נאי|126|10712
עיפרון|127|10716
תירס|202|10755
האוקיינוס האטלנטי|235|10762
סנט וינסנט והגרנדינים|186|10780
יוהנסבורג|145|10788
פיונגיאנג|157|10798
אסונסיון|146|10820
חודש|215|10824
ניו סאות' ויילס|129|10825
סימון בוליבר|145|10827
פרוטון|147|10841
עיט|134|10845
טורקו|116|10849
ביצה|134|10868
קזבלנקה|119|10872
ברנדנבורג|148|10875
סמרקנד|117|10879
קו המשווה|142|10883
אי|188|10893
מרים, אם ישו|143|10912
ארגון הסחר העולמי|128|10922
ניירובי|184|10943
3 בדצמבר|187|10949
ארנסט רתרפורד|129|10952
בויסי|122|10964
אריס (כוכב לכת ננסי)|115|10965
צפון|159|10976
פיטסבורג|115|10976
אלפבית|174|11013
אלבנית|146|11018
שנה|216|11036
המפרץ הפרסי|127|11057
קורסיקה|148|11060
גיירמו לאסו|164|11079
יוונית|212|11086
21 באפריל|193|11087
קראצ'י|166|11092
פרפרים|118|11119
כספית|166|11142
וליקו טרנובו|188|11147
מלאך|117|11175
ג'נובה|137|11179
20 באוקטובר|193|11187
ירק|173|11195
4 ביוני|190|11198
30 ביוני|191|11221
גרזן|135|11221
ידע|138|11225
פיר|115|11231
לטבית|138|11236
איזמיר|129|11241
טונגה|202|11257
22 באוקטובר|193|11263
אסטרואיד|152|11290
אוטראקהאנד|114|11291
מונפלייה|120|11309
מלפפון|161|11317
4 (מספר)|155|11331
9 באוגוסט|190|11354
שעורה תרבותית|156|11360
3 במאי|188|11373
דיסלדורף|141|11376
גאורג פרידריך הנדל|127|11404
שד (איבר)|142|11409
ארמנית|151|11438
מספר רציונלי|115|11450
מונטווידאו|165|11473
פרת|124|11493
אינדיאנפוליס|137|11494
אשוקה|146|11497
19 בדצמבר|189|11516
22 באוגוסט|186|11517
22 בספטמבר|190|11531
28 ביוני|188|11532
הירושימה|128|11537
בסקית|144|11566
בריאות|156|11568
סטטיסטיקה|146|11592
חציל|150|11595
11 באוגוסט|187|11600
פלואור|162|11603
כאב ראש|120|11614
דם|188|11616
World Wide Web|140|11617
דויד הילברט|121|11622
כותנה|143|11623
לוסקה|141|11625
אסטרחן|115|11631
העולם|117|11632
שון קונרי|123|11642
הנובר|141|11652
30 באוקטובר|190|11657
7 ביוני|188|11659
כחול|157|11680
מערב בנגל|126|11682
27 ביוני|189|11690
17 בספטמבר|193|11696
24 בספטמבר|188|11707
18 בספטמבר|191|11710
כבד|171|11719
22 ביולי|189|11734
פרטוריה|154|11759
אמריקה|227|11760
פחמן|200|11760
הומרוס|183|11762
0 (מספר)|147|11763
12 בספטמבר|190|11770
חנקן|185|11790
חמור הבית|154|11791
מחרשה|125|11793
בלפסט|129|11799
נייר|161|11807
חצי האי ערב|126|11809
לואנדה|151|11814
אוטרכט|118|11820
המאה ה-10|134|11828
17 בדצמבר|192|11834
גדנסק|139|11847
ג'קי צ'אן|137|11847
באקו|203|11867
קרנפיים|136|11884
לאגוס|151|11912
27 בפברואר|200|11953
3 (מספר)|162|11957
ליטאית|151|11957
דאקה|184|11973
11 במאי|186|11987
אלפבית קירילי|155|11987
ונואטו|203|11990
קמח|128|11990
ג'יימס קלרק מקסוול|123|11996
ימת אראל|118|12001
3 באוקטובר|191|12009
קרסנודאר|118|12009
17 באפריל|193|12010
ולשית|137|12010
11 באוקטובר|190|12026
צ'כית|168|12034
ג'רזי|123|12038
אירואסיה|163|12041
קישינב|159|12041
אתר אינטרנט|131|12045
8 ביולי|190|12047
מדעי כדור הארץ|118|12048
אנטיגואה וברבודה|219|12064
אורן|126|12067
טאמיל נאדו|127|12071
סאו טומה ופרינסיפה|213|12077
2 ביוני|186|12082
האנוי|163|12112
22 באפריל|192|12129
יוקוהמה|136|12141
קולקטה|162|12152
הדובה הגדולה|117|12154
10 באפריל|193|12167
6 בנובמבר|194|12178
קוריטיבה|240|12179
מייקל פאראדיי|142|12183
ליובליאנה|162|12206
קרס (כוכב לכת ננסי)|130|12208
זרחן|161|12210
29 ביוני|189|12224
גרנזי|121|12233
10 באוגוסט|189|12235
IMDb|123|12235
רייקיאוויק|176|12240
12 ביולי|189|12247
יום שישי|229|12282
30 ביולי|193|12288
קווינסלנד|132|12295
תרבות|198|12302
מלאית|126|12329
21 בנובמבר|189|12331
4 בספטמבר|191|12332
29 בדצמבר|191|12340
"מדינות לפי אוכלוסייה, שטח, צפיפות, תמ""ג ופיתוח אנושי"|118|12345
האיים הבלאריים|132|12353
אינגמר ברגמן|126|12374
בארי (עיר)|118|12374
אוסטרליה המערבית|119|12378
אסטנה|179|12391
סנט הלנה|122|12407
20 בספטמבר|188|12411
1582|144|12419
קונספסיון|214|12420
11 במרץ|194|12420
ואליס ופוטונה|121|12427
שפות גרמאניות|136|12432
מפל מים|129|12438
17 באוקטובר|192|12440
20 בדצמבר|188|12440
סבאלברד|128|12470
29 באפריל|192|12472
בנין|244|12482
6 ביולי|190|12488
בצל הגינה|170|12505
מלאלה יוספזאי|117|12505
24 באוקטובר|191|12525
חורף|184|12529
איי קוקוס|117|12536
דרזדן|147|12546
אוקלידס|152|12567
גליום|145|12574
לסוטו|226|12580
סרט קולנוע|177|12585
חלון|136|12592
28 באוקטובר|193|12606
16 ביוני|189|12615
הלסינקי|229|12617
4 באוגוסט|191|12636
פרידה קאלו|153|12636
21 באוגוסט|187|12646
ורונה|115|12674
ג'ימי ויילס|170|12676
ארסן|153|12676
5 במאי|188|12678
שפות סיניות|213|12687
23 בינואר|200|12696
חיבור|120|12696
אל פצ'ינו|117|12709
11 ביוני|189|12713
ורוצלב|124|12714
דוחה|153|12743
25 במאי|190|12757
מניפור|118|12759
תפוז|129|12767
פיזה|122|12767
18 ביוני|192|12768
אלגוריתם|125|12769
אש|193|12789
אדיגיה|124|12790
18 באפריל|193|12802
3 בספטמבר|191|12805
תרמודינמיקה|121|12812
7 (מספר)|154|12825
3 באוגוסט|190|12827
8 באוקטובר|193|12838
טטרסטן|133|12847
אנדלוסיה|137|12859
דלת|116|12872
כוסברה|119|12885
מקאו|185|12886
11 באפריל|190|12897
19 בנובמבר|191|12901
ריקוד|174|12924
25 ביוני|189|12927
ריאה|166|12930
יוניקוד|115|12930
6 באפריל|197|12942
עמים ילידים ביבשת אמריקה|119|12952
20 במרץ|192|12990
5 בנובמבר|193|12997
21 באוקטובר|194|13011
30 בספטמבר|189|13012
23 באוגוסט|188|13015
13 באוקטובר|188|13016
טירנה|185|13024
5 במרץ|197|13036
6 באוקטובר|190|13044
2 ביולי|192|13047
20 ביוני|189|13055
4 בנובמבר|193|13060
בלארוסית|150|13066
ליבריה|233|13073
מדבר|170|13088
כורדית|126|13092
26 בספטמבר|193|13099
איה סופיה|122|13107
20 באוגוסט|188|13113
8 באפריל|192|13128
14 ביוני|193|13135
7 בדצמבר|189|13149
13 בינואר|200|13154
ארכאונים|118|13155
סהרה|195|13174
13 ביולי|189|13177
פבלו נרודה|124|13179
פלרמו|139|13188
4 ביולי|193|13192
גאוטמה הבודהה|199|13222
20 באפריל|192|13231
גיאנה|230|13242
עורב שחור|117|13251
6 במאי|189|13265
23 באפריל|193|13276
26 בדצמבר|194|13292
22 בדצמבר|190|13295
25 באוגוסט|186|13303
לואי פסטר|149|13306
13 באוגוסט|190|13307
קואלה לומפור|170|13310
עקעק זנבתן|121|13311
הנס כריסטיאן אנדרסן|171|13313
המאה ה-8|131|13314
קלוד מונה|124|13319
נתרן|166|13321
אי חג המולד|125|13333
2 באוקטובר|195|13334
14 באפריל|193|13335
31 במאי|190|13338
16 ביולי|191|13339
31 במרץ|193|13341
23 במאי|192|13382
23 בספטמבר|189|13402
האיים הקנריים|158|13421
פוזנן|117|13427
6 באוגוסט|189|13438
27 בנובמבר|188|13443
רוח|158|13453
איי בהאמה|225|13460
סידני|213|13465
טריפולי (לוב)|153|13486
טסמניה|138|13489
צהוב|165|13498
יפנית|215|13517
הצלב האדום|117|13519
ניופאונדלנד ולברדור|118|13520
23 בדצמבר|190|13523
23 ביולי|189|13544
אולן בטור|156|13550
30 במרץ|193|13557
חמנית מצויה|125|13558
נמר|161|13569
3 באפריל|195|13587
24 ביוני|192|13590
רוסטוב על הדון|120|13603
16 בנובמבר|194|13613
4 במאי|192|13617
טאיפיי|156|13631
10 במרץ|196|13651
19 באוקטובר|191|13672
גמל|174|13674
30 באפריל|191|13680
ג'ונו (אלסקה)|131|13688
סורינאם|229|13689
29 במאי|187|13705
19 במרץ|195|13707
פרפראים|122|13710
3 במרץ|199|13723
גבר|176|13724
28 באוגוסט|190|13725
ציפורן|118|13732
30 בדצמבר|190|13734
3 ביוני|191|13745
גליסיה|134|13750
זנגביל|145|13751
תיירות|142|13753
מין (טקסונומיה)|141|13773
מילון|150|13777
9 ביולי|190|13778
5 בספטמבר|192|13783
פילוסופיה של המוסר|133|13796
טורנדו|142|13821
מצואו באשו|155|13828
ניקוסיה|170|13832
4 בדצמבר|188|13838
17 בנובמבר|194|13842
9 במאי|186|13845
9 באוקטובר|192|13847
גראץ|121|13847
18 בדצמבר|191|13849
סטיאג'יט ריי|117|13856
15 ביוני|190|13858
פיג'י|211|13864
29 באוגוסט|190|13865
27 בספטמבר|188|13867
25 באוקטובר|193|13877
באדן-וירטמברג|152|13878
זואולוגיה|150|13896
29 בינואר|200|13912
טורקית|187|13923
HTML|129|13924
גאורגים|124|13950
סנאיים|138|13958
ארקנסו|185|13959
זלצבורג|131|13961
דונצק|126|13962
16 בדצמבר|189|13963
24 באפריל|192|13977
14 בספטמבר|190|13979
סידן|164|13982
בוגוטה|238|13985
מערה|117|13988
שביט|164|14004
מערכת העיכול|117|14004
ארווין שרדינגר|124|14008
8 במאי|189|14022
12 באפריל|193|14056
9 בנובמבר|195|14069
טהראן|190|14069
9 בדצמבר|192|14070
כריס פראט|119|14072
21 ביולי|189|14081
14 באוגוסט|189|14084
בורונדי|239|14085
אוניברסיטת אוקספורד|124|14096
15 בדצמבר|188|14098
תאולוגיה|126|14105
13 בדצמבר|188|14114
פנום פן|149|14137
14 בנובמבר|193|14145
פודגוריצה|154|14155
דפדפן|129|14177
29 באוקטובר|193|14183
פנדה ענקית|135|14184
16 בפברואר|200|14202
חבר המדינות|118|14204
לורד ביירון|142|14205
17 באוגוסט|189|14214
ים סוף|163|14217
קופי אנאן|134|14220
26 באפריל|193|14227
25 בנובמבר|191|14235
21 בינואר|200|14243
13 ביוני|188|14251
כליה|147|14257
גן (נוי)|123|14261
28 בנובמבר|190|14283
מסופוטמיה|154|14283
קוראסאו|126|14304
ג'קרטה|205|14310
21 במאי|187|14318
יוגה|123|14349
סן מרינו|254|14352
ענן|188|14356
26 באוקטובר|194|14359
טים ברנרס-לי|132|14362
הר|200|14363
6 ביוני|188|14370
9 ביוני|190|14382
בולטימור|129|14385
2 בספטמבר|193|14397
עלה|142|14406
מרסל פרוסט|133|14421
שביל החלב|181|14422
18 ביולי|193|14429
8 ביוני|189|14436
28 בספטמבר|189|14440
7 במאי|188|14440
דרך המשי|117|14442
17 ביולי|191|14460
30 במאי|187|14463
ג'ובה|125|14464
12 בדצמבר|190|14469
14 בינואר|200|14475
24 בינואר|200|14480
עץ (חומר גלם)|146|14482
7 באפריל|192|14483
4 בפברואר|203|14493
יורי גגארין|158|14497
30 בנובמבר|191|14512
13 בנובמבר|195|14516
טריגונומטריה|134|14516
מרסיי|156|14527
ביל גייטס|163|14528
21 במרץ|193|14530
אימהות|148|14556
29 במרץ|191|14563
14 ביולי|194|14569
אסמרה|143|14571
איגור סטרווינסקי|126|14572
עור|154|14582
28 ביולי|191|14599
5 באוגוסט|192|14604
27 בדצמבר|188|14610
פארואזית|117|14613
9 בפברואר|202|14623
2 באוגוסט|189|14630
בית הדין הבין-לאומי בהאג|117|14630
מונותאיזם|132|14667
12 באוגוסט|190|14690
5 באוקטובר|194|14694
15 ביולי|189|14697
4 באוקטובר|192|14707
28 במרץ|191|14709
עכבר (מחשב)|125|14710
19 בינואר|200|14711
בטטה|132|14716
רבאט|154|14720
18 במרץ|195|14726
11 ביולי|190|14733
אנטוורפן|127|14740
26 בינואר|198|14746
מלאווי|230|14754
תא|167|14758
10 ביולי|189|14761
צורן|163|14763
תומאס אקווינס|146|14763
10 ביוני|191|14766
29 ביולי|193|14770
דו-חיים|157|14772
שום|165|14793
19 בספטמבר|189|14795
אטמוספירה|128|14795
פרמריבו|127|14796
גלגל|150|14800
24 בדצמבר|191|14803
11 בדצמבר|188|14818
אוטובוס|128|14824
גלקסיה|170|14829
8 בדצמבר|190|14837
מגנזיום|160|14844
טיטניום|154|14847
28 בדצמבר|189|14848
פתגם|126|14862
אביב|187|14873
28 באפריל|193|14876
אמריקה הלטינית|145|14879
קריקט|133|14888
דניפרו|117|14892
הקוטב הצפוני|140|14897
12 ביוני|190|14912
מספר מרוכב|125|14916
26 בנובמבר|191|14928
אנטיביוטיקה|121|14934
אוסלו|197|14939
מארק צוקרברג|125|14941
לבוב|134|14945
קוויבק|158|14949
ויקישיתוף|153|14954
קונפוציוס|220|14959
מיקרונזיה|187|14960
קטוביץ|131|14964
איסלנדית|152|14972
17 ביוני|189|14980
גאבורון|140|14985
17 בפברואר|199|14994
חתוליים|127|14995
12 במאי|191|14999
13 בפברואר|200|15005
22 ביוני|190|15009
קולוניאליזם|119|15038
עין (בעלי חיים)|200|15063
26 ביולי|190|15067
אוזן|181|15069
פרגוואי|245|15072
12 באוקטובר|190|15081
קופנהגן|193|15084
ניז'ני נובגורוד|124|15085
איי הבתולה הבריטיים|128|15107
סיישל|215|15121
קלמיקיה|121|15131
18 במאי|189|15132
מקרר|124|15138
2 במאי|190|15155
30 בינואר|201|15162
27 באוגוסט|189|15173
24 בנובמבר|190|15178
היקום|176|15190
24 במרץ|196|15196
פלדה|139|15203
סקנדינביה|139|15211
יקטרינבורג|125|15217
בוואריה|167|15220
13 באפריל|192|15225
תעלת למאנש|115|15227
25 בפברואר|199|15231
חבר העמים הבריטי|140|15235
סמואה|203|15237
24 ביולי|187|15262
מאוריציוס|222|15263
11 בספטמבר|191|15267
לייפציג|138|15270
גופרית|174|15271
7 במרץ|196|15283
פולנית|191|15288
סופיה|188|15299
7 ביולי|188|15303
18 בנובמבר|191|15306
1 באוגוסט|193|15308
22 במרץ|193|15315
6 בפברואר|202|15324
13 בספטמבר|190|15327
22 במאי|187|15345
מדינה|174|15352
פוטסדאם|120|15360
קמרון|240|15365
מאלמה|116|15378
8 בינואר|204|15392
פונטבדרה|115|15398
סראטוב|136|15402
ניואה|146|15405
טאלין|184|15408
פיצה|133|15420
10 במאי|189|15424
ורגיליוס|165|15424
9 במרץ|195|15434
אימפריאליזם|121|15444
רבינדרנת טאגור|154|15449
24 בפברואר|198|15456
15 בינואר|200|15457
פינגוויניים|131|15466
אבטיח|153|15467
פסל החירות|132|15467
27 במרץ|192|15479
28 בפברואר|199|15492
ביגוד|161|15501
אבוקדו|127|15509
29 בספטמבר|189|15515
13 במאי|189|15526
11 בינואר|199|15527
5 בדצמבר|189|15532
ברוניי|241|15535
אטלנטה|163|15537
מכה|185|15538
יאונדה|138|15540
הים הבלטי|170|15543
חוף השנהב|241|15547
1 ביולי|195|15559
אייליים|155|15561
16 בינואר|199|15573
שושלת צ'ינג|125|15575
ווהאן|159|15582
23 במרץ|192|15586
22 בינואר|201|15588
8 בנובמבר|194|15598
28 במאי|187|15598
סינאן|119|15603
18 באוגוסט|190|15607
14 בדצמבר|190|15609
גנטיקה|127|15611
המאה ה-11|137|15624
דיודה|115|15626
מולייר|154|15633
15 במאי|190|15652
קמבודיה|244|15672
אלון|136|15686
13 במרץ|194|15691
עיר בירה|219|15695
20 בנובמבר|193|15712
מונה ליזה|124|15713
25 בספטמבר|190|15715
9 בינואר|201|15722
7 בספטמבר|192|15743
אורדו|183|15771
18 בינואר|201|15772
21 ביוני|192|15780
יון|116|15783
20 במאי|190|15787
21 בדצמבר|189|15808
27 ביולי|190|15824
3 בפברואר|202|15827
15 באוקטובר|193|15833
26 באוגוסט|192|15833
10 באוקטובר|191|15846
19 בפברואר|200|15847
27 באוקטובר|192|15849
קטמנדו|157|15854
7 באוגוסט|190|15863
זווית|133|15873
אלכסנדר סולז'ניצין|115|15874
איי טרקס וקייקוס|127|15881
סחלביים|115|15894
אנדי וורהול|132|15898
25 באפריל|195|15901
כביש|125|15910
דובאי (עיר)|163|15926
ספר|195|15930
תלמי (אסטרונום)|114|15930
29 בנובמבר|194|15931
16 באוקטובר|192|15936
18 באוקטובר|192|15946
מריופול|123|15946
מגדל אייפל|157|15968
צלאח א-דין|132|15983
בוטסואנה|247|15990
קים איל-סונג|133|15997
האיחוד האפריקאי|142|16007
7 בינואר|203|16009
"פיפ""א"|140|16038
27 בינואר|199|16044
מיוט|132|16045
איזוטופ|116|16056
11 בנובמבר|193|16059
9 בספטמבר|189|16062
ניס|138|16065
משטרה|129|16072
אבץ|163|16078
יקטרינה השנייה, קיסרית רוסיה|118|16078
שצ'צ'ין|120|16093
מלחמה|174|16097
12 בנובמבר|191|16106
12 בפברואר|202|16110
קארולוס ליניאוס|173|16134
מיגל דה סרוואנטס|172|16146
רכבת|162|16159
מימן|214|16162
5 באפריל|198|16162
קצושיקה הוקוסאי|147|16169
8 באוגוסט|188|16177
19 באפריל|195|16190
14 באוקטובר|191|16195
4 בינואר|205|16198
דיוויד וודארד|203|16204
סיירה לאון|227|16206
19 במאי|190|16208
איי מרשל|192|16211
10 בדצמבר|189|16217
דאואיזם|145|16227
פרידריך אנגלס|122|16231
סטיבן סיגל|121|16249
7 בפברואר|200|16252
30 באוגוסט|190|16267
עיר|212|16269
אונטריו|141|16271
מתכת|159|16292
איווה|186|16305
6 בדצמבר|191|16311
3 בנובמבר|193|16315
פפואה גינאה החדשה|227|16328
10 בפברואר|202|16348
ים|211|16354
ליגוריה|120|16362
נורפוק (אי)|122|16363
פילדלפיה|164|16367
בון|131|16368
עומר בן אל-ח'טאב|125|16385
אצטקים|126|16392
נובוסיבירסק|134|16397
15 במרץ|197|16422
אביג'אן|126|16437
פחמן דו-חמצני|131|16451
האיים המלדיביים|223|16470
22 בנובמבר|193|16479
אידאולוגיה|120|16495
מדגסקר (סרט)|140|16506
קטלאנית|175|16534
רוברט דה נירו|118|16534
שינג'יאנג|130|16542
6 במרץ|199|16557
8 בספטמבר|190|16566
בליז|232|16594
מרלון ברנדו|132|16604
סרייבו|165|16606
דומיניקה|213|16612
6 בינואר|203|16623
ניו דלהי|180|16623
גינאה המשוונית|223|16626
דוב חום|125|16648
לימה|177|16653
סוס הבית|229|16674
דבלין|190|16685
ג'ורג' ברנרד שו|115|16698
15 בנובמבר|194|16702
10 בנובמבר|194|16705
מטאורולוגיה|134|16713
גטבורג|127|16713
וולגוגרד|134|16741
קוקה-קולה|131|16741
עיתון|156|16746
איי קיימן|136|16759
20 בפברואר|201|16761
יען מצוי|134|16766
גואנגג'ואו|134|16773
מערב אפריקה|120|16777
הורמון|120|16781
קיבה|143|16787
אנרגיה|163|16793
ויילס|191|16800
הליום|187|16806
10 בספטמבר|190|16810
ג'רמי רנר|121|16815
שבתאי|224|16848
האג|138|16866
וייטנאמית|132|16873
25 בדצמבר|192|16874
הרפובליקה של קונגו|232|16891
6 בספטמבר|189|16913
האוקיינוס ההודי|222|16915
20 ביולי|190|16930
קינשאסה|166|16935
קווקז|127|16939
12 במרץ|195|16944
צ'צ'ניה|137|16954
15 בפברואר|202|16971
10 בינואר|199|16994
פחמימה|131|17009
צוואר|133|17011
8 בפברואר|202|17018
2 באפריל|193|17028
אלבמה|201|17041
רמברנדט|168|17043
7 באוקטובר|193|17092
אלכסנדריה|140|17133
21 בפברואר|200|17143
הרי האלפים|170|17162
דרור הבית|128|17189
8 במרץ|196|17200
זאגרב|177|17203
31 באוגוסט|192|17244
איי מריאנה הצפוניים|128|17279
מהאבהארטה|131|17290
16 באפריל|192|17294
זורואסטריות|140|17297
אנריקו פרמי|135|17301
תאוצה|131|17305
זאוס|126|17327
5 בינואר|205|17328
שקד מצוי|120|17328
מיסיסיפי (מדינה)|185|17333
25 ביולי|190|17341
17 במאי|188|17346
שבוע|195|17349
28 בינואר|199|17352
ליטל רוק|123|17353
ארפורט|118|17354
24 באוגוסט|190|17375
עגבנייה|181|17414
בלשנות|191|17425
מילה (בלשנות)|157|17439
1 בדצמבר|191|17484
17 במרץ|193|17538
טג'יקיסטן|240|17551
אנדורה|269|17560
חברה (סוציולוגיה)|156|17561
24 במאי|189|17576
26 בפברואר|201|17578
19 באוגוסט|189|17585
31 בדצמבר|195|17587
מלזיה|257|17601
31 ביולי|191|17621
סנטיאגו דה צ'ילה|243|17634
גרינלנד|195|17641
ברק|143|17641
שפות הודו-אירופיות|187|17645
26 במאי|185|17649
סלובניה|263|17652
ליברפול|142|17666
מולדובה|259|17681
ארתור קונאן דויל|116|17683
מזרח טימור|226|17688
14 בפברואר|200|17688
2 בפברואר|202|17692
מלטית|126|17703
31 בינואר|200|17706
אטמוספירת כדור הארץ|125|17707
פנג'אב|115|17713
פרו|253|17732
מערכת היחידות הבין-לאומית|141|17760
טכנולוגיה|180|17763
ציפורי שיר|114|17764
זמביה|239|17765
18 בפברואר|202|17766
נאשוויל|132|17784
בריזבן|141|17787
עונות השנה|144|17790
12 בינואר|201|17822
ערבה (צמח)|127|17826
אוניברסיטת קיימברידג'|119|17833
דקוטה הצפונית|179|17834
בית חולים|133|17837
1 במאי|196|17907
אסוואטיני|226|17931
בנגלדש|262|17939
20 בינואר|203|17940
מדידה|126|17954
פרישטינה|125|17974
אלגברה|162|18003
7 בנובמבר|193|18013
אגם טנגניקה|129|18019
11 בפברואר|201|18020
25 במרץ|193|18045
ויטמין|120|18076
14 במרץ|197|18077
אמזונאס|188|18098
גיברלטר|170|18101
נגיב מחפוז|131|18110
אלומיניום|187|18113
עומאן|227|18118
23 בנובמבר|191|18122
1 בספטמבר|196|18126
בלוז|115|18143
14 במאי|187|18147
2 בינואר|206|18150
ג'יבוטי|235|18153
חומצה|139|18158
אנציקלופדיה|203|18161
4 במרץ|202|18165
איי פוקלנד|152|18177
סויה|130|18215
כובע|121|18227
1 ביוני|195|18271
קרן ויקימדיה|171|18288
17 בינואר|200|18329
פרנקפורט|168|18338
21 בספטמבר|189|18346
15 באפריל|191|18364
כוכב|220|18374
אפיפיור|164|18380
קרואטיה|275|18384
אסלאם סוני|120|18390
כוהל|128|18455
סנט קיטס ונוויס|194|18480
מצפן|117|18484
אלקטרון|158|18562
1 בנובמבר|196|18577
15 בספטמבר|191|18585
הרפובליקה הדומיניקנית|215|18607
עקרבאים|128|18609
3 בינואר|206|18613
4 באפריל|193|18621
תומאס אלווה אדיסון|178|18632
אוטווה|186|18634
5 בפברואר|203|18656
פרנק לויד רייט|143|18659
גבריאל גארסיה מארקס|150|18667
אלפבית ערבי|136|18675
כימיה אורגנית|122|18682
גואטמלה|230|18692
רוזה לוקסמבורג|128|18735
ולפראיסו|224|18754
אומבריה|116|18762
15 באוגוסט|189|18775
בור (יסוד)|162|18775
צבא|114|18775
קורבין בלו|211|18797
אקוודור|244|18853
הוואי|206|18865
גינאה|229|18873
צבים|144|18881
1 באוקטובר|194|18922
סיציליה|153|18981
אדית פיאף|123|19014
9 באפריל|191|19050
ראש עירייה|126|19071
לך ולנסה|150|19072
הנרי פורד|140|19091
ין יפני|136|19091
מונקו|255|19095
נפאל|248|19137
ג'ים מוריסון|119|19170
צפון אפריקה|134|19183
הכעבה|115|19188
אלברכט דירר|153|19242
אנזים|126|19242
מערכת הפעלה|149|19248
שנה מעוברת|153|19257
רוטרדם|133|19271
אוניברסיטת הרווארד|122|19292
טנזניה|248|19331
סלע|141|19337
2 בדצמבר|187|19343
22 בפברואר|198|19346
טוגו|233|19349
מסגד|152|19349
ויומינג|183|19359
מאוריטניה|235|19368
כסף (יסוד)|199|19399
איי הבתולה של ארצות הברית|126|19421
ארץ (גאוגרפיה)|151|19442
מיתולוגיה יוונית|117|19450
שינזו אבה|127|19539
דלאוור|182|19581
מקס פלאנק|138|19600
עורב|124|19624
31 באוקטובר|193|19628
טיגריס|186|19642
כורש|119|19650
מונטריאול|152|19661
אבולה|129|19668
לידס|116|19678
ליסבון|206|19702
אורז|183|19727
מוסלמים|120|19752
הרטפורד|120|19762
גינאה ביסאו|227|19765
פסנתר|138|19782
אדינבורו|152|19847
טרינידד וטובגו|204|19848
קיטו|145|19926
קומוניזם|168|19958
25 בינואר|201|19978
בנק|135|20019
דולר אמריקאי|159|20051
מסעי הצלב|144|20058
חצוצרה|117|20064
ג'וזפה ורדי|140|20080
פרנץ שוברט|129|20107
אורנוס|220|20145
מוחמד עלי (מתאגרף)|134|20168
פורטוגזית|223|20198
DNA|159|20208
אאכן|114|20210
חרב|138|20237
אתלטיקה|122|20258
אקרה|163|20262
סון יאט-סן|118|20266
שריר|135|20273
מקס ובר|125|20282
עופרת|170|20298
אוגוסטינוס|146|20299
סלוניקי|120|20331
אכבר|144|20362
כתב|130|20372
ויקטור הוגו|171|20379
רפאל (צייר)|160|20397
קרוליינה הדרומית|178|20404
אסיה|292|20436
מכונה|133|20453
אמת|133|20460
בייג'ינג|240|20507
חרקוב|134|20517
קונפוציאניזם|140|20522
ציוויליזציה|141|20528
איי שלמה|194|20540
תנועה (פונולוגיה)|121|20543
מונרוביה|136|20551
אטום|206|20580
ג'ורג' אורוול|136|20628
מרקו פולו|171|20647
יוהנס קפלר|141|20665
בלגרד|185|20692
נורווגית|158|20708
דואר אלקטרוני|149|20714
1 בפברואר|204|20722
ניקיטה חרושצ'וב|121|20735
מסה|157|20758
לה קורבוזיה|157|20780
הרנאן קורטס|137|20800
1 במרץ|202|20840
קומורו|224|20864
דון קישוט|120|20869
16 במרץ|192|20897
תפוח אדמה|170|20933
לאוס|244|20943
2 במרץ|198|20979
26 במרץ|193|21053
פיתגורס|154|21056
מעגל|141|21113
חבל הבלקן|146|21171
חול|130|21177
ציריך|155|21178
מונטנה|181|21181
אוקלהומה סיטי|131|21197
סלין דיון|131|21207
ליכטנשטיין|255|21208
מיין|179|21226
חומר|134|21258
בזל|121|21262
1963|199|21369
טבע|158|21380
נשמה|141|21384
נברסקה|184|21415
הפיליפינים|255|21431
קלן|147|21444
מרילנד|183|21447
ניגריה|255|21468
סומליה|242|21540
שינטו|129|21547
סומלילנד|127|21550
לילה|144|21576
הבית הלבן|126|21592
אופניים|174|21633
נובה סקוטיה|121|21643
מהירות האור|123|21650
23 בפברואר|200|21672
חמצן|204|21688
ג'יימס ואט|133|21695
המאה ה-12|135|21735
פיניקס|148|21761
חליל צד|126|21764
פטרוס|121|21773
קירגיזסטן|242|21775
ולדיווסטוק|126|21802
לחם|193|21848
אלברטה|131|21895
אוקיינוס|209|21922
הליגה הערבית|133|21924
מלח בישול|152|21930
ז'אק שיראק|126|21961
פוליטיקה|198|21991
מחלה|156|21992
שן|138|21993
יום האישה הבין-לאומי|122|22013
פסחא|172|22022
קיל|117|22072
טליבאן|115|22086
16 באוגוסט|188|22117
קריית הוותיקן|257|22155
פטריות|178|22170
אירלנד (אי)|141|22178
ורמונט|181|22271
גאוגרפיה|245|22284
1 באפריל|194|22320
נירנברג|123|22324
במקו|154|22343
כפל|117|22362
מלבורן|163|22388
רוד איילנד|175|22396
התנועה הרומנטית|116|22403
תאנה|132|22434
ג'. ר. ר. טולקין|151|22461
ליתיום|176|22470
קואלה|118|22483
אמנות|209|22498
צ'כיה|274|22525
רוברט מוגאבה|116|22550
צפון אירלנד|169|22571
אלפבית לטיני|159|22578
קייפטאון|172|22604
באטון רוז'|117|22618
עידן הנאורות|126|22645
טורקמניסטן|236|22677
דיקטטורה|131|22698
כף ורדה|229|22701
פונקציה|114|22711
פוארטו ריקו|170|22713
המאה ה-14|134|22721
כוכב חמה|230|22761
איי פארו|172|22769
לוקסמבורג|264|22797
אריזונה|200|22797
נעליים|125|22833
ירח|124|22858
ריגה|184|22863
מילאנו|178|22882
פינית|167|22917
סן דייגו|131|22957
המבורג|184|22972
ויקינגים|140|22980
קרן המטבע הבין-לאומית|135|23044
שירה|181|23070
ג'מייקה|229|23122
הונדורס|226|23146
פרח|190|23170
האוקיינוס השקט|235|23185
טלקומוניקציה|115|23230
הלוח הגרגוריאני|188|23232
זהב|226|23234
גולף|115|23247
ולטה|145|23258
איידהו|183|23263
בנגקוק|198|23321
גשר|165|23345
נשק גרעיני|121|23345
דנוור|146|23377
לוויין|129|23385
יוחנן פאולוס השני|141|23386
אלפבית יווני|145|23449
טום הנקס|115|23516
פרדי מרקיורי|144|23522
דיסק קשיח|115|23539
אדגר אלן פו|137|23571
תורת ההכרה|122|23583
אדירנה|269|23584
מפה|124|23682
תפוח|182|23693
אל סלוודור|223|23723
דנית|166|23736
תרזה מיי|120|23746
פולינזיה|120|23772
קוויבק סיטי|122|23819
אוגנדה|239|23824
מידע|126|23829
גז אציל|121|23838
סיפורי אלף לילה ולילה|125|23858
טלסקופ|127|23881
מומבאי|186|23921
קנטקי|180|23925
כווית|231|23945
קיוטו|169|23959
נבדה|187|23966
קרל הגדול|153|24054
אגתה כריסטי|134|24068
טימור לנג|133|24069
דקוטה הדרומית|178|24106
שאנגחאי|191|24142
הרפובליקה המרכז-אפריקאית|232|24147
פרדיננד מגלן|164|24151
נילס בוהר|134|24157
וירג'יניה המערבית|180|24165
שורש (בוטניקה)|122|24213
כרתים|125|24330
משולש|155|24332
זית אירופי|124|24368
מאלי|236|24400
ערבים|131|24426
בנג'מין פרנקלין|126|24477
קול|144|24511
לילונגווה|131|24514
קלינינגרד|130|24545
ז'נבה|152|24626
"אונסק""ו"|174|24638
קולוסיאום|133|24648
סמואה האמריקנית|137|24699
הירוהיטו|127|24722
פרנסואה הולנד|188|24753
אלבר קאמי|129|24755
לודז'|115|24760
צ'אד|242|24765
אבעבועות שחורות|123|24768
חזיר בר|138|24793
מסחר|131|24794
צ'ארלס דיקנס|157|24807
ברבדוס|223|24853
טורינו|147|24885
ג'ורג'יה|190|24886
משפחה|173|24954
ליל כל הקדושים|128|24958
סולט לייק סיטי|132|24961
מינכן|182|24982
האריסברג|115|24992
פנמה|229|25003
ניקולאוס קופרניקוס|165|25012
ג'אווה (שפת תכנות)|116|25043
לאונרדו דיקפריו|127|25082
תרנגול הבית|196|25098
דאגסטן|138|25139
פורטוגל|278|25162
פיטקרן|128|25171
לאס וגאס|149|25203
דוכיפת מצויה|124|25230
איליאדה|136|25247
מיכלאנג'לו|203|25258
ג'אז|138|25261
תורת הקבוצות|114|25318
מיקרוסקופ|125|25348
צ'כוסלובקיה|136|25378
מרטין לותר|178|25388
הבנק העולמי|123|25411
מארק טוויין|152|25485
נמיביה|246|25502
שעון|136|25560
כתב סיני|128|25596
ברזל|213|25609
קניה|254|25636
צדק (כוכב לכת)|227|25667
יוד|152|25690
מוזמביק|238|25718
גרנדה (מדינה)|205|25736
סטיב ג'ובס|159|25740
מונטנגרו|248|25774
קליבלנד|118|25794
ניו המפשייר|180|25796
בראד פיט|123|25807
מאצ'ו פיצ'ו|120|25827
זרתוסטרה|117|25830
אנטארקטיקה|245|25876
אוסאמה בן לאדן|140|25935
הרודוטוס|138|25962
הדלתות|181|25964
תקשורת|136|26114
פטר פאול רובנס|136|26156
קהיר|216|26183
קבל|115|26185
הינדואיזם|211|26191
מראה|125|26207
גשם|201|26208
הולנדית|191|26217
סלובקיה|267|26244
גמביה|232|26265
אנגולה|255|26283
C (שפת תכנות)|117|26312
אבן סינא|142|26359
קטר (מדינה)|234|26381
פרנציסקוס|158|26392
תעלת סואץ|154|26420
רובוט|128|26426
יסוד כימי|177|26427
קרוליינה הצפונית|178|26461
חלל|117|26519
האימפריה הרוסית|133|26531
מספר ראשוני|131|26554
המאה ה-7|132|26634
רובין ויליאמס|129|26655
לואי ארמסטרונג|131|26660
מדעי הטבע|131|26761
נפטון|220|26764
ג'ינגיס חאן|165|26853
פאראמור|139|26857
צוענים|120|26900
צילום|152|26940
ויסקונסין|184|26975
חזיר הבית|176|27011
בייסבול|128|27109
פרסית|220|27159
מדגסקר|242|27225
אוניברסיטה|162|27254
האימפריה האוסטרו-הונגרית|127|27287
נטפליקס|121|27290
עמאן|159|27303
דרום אוסטיה|150|27458
רומניה|267|27480
דת|222|27484
בחריין|239|27508
לואיזיאנה|184|27536
אלכסנדר גרהם בל|122|27543
סרדיניה|153|27549
סיינט פול|117|27598
בריסל|183|27622
גוסטב מאהלר|115|27623
היריון|144|27645
ג'וני דפ|115|27684
סוציאליזם|153|27718
מדעי המחשב|159|27723
סיאול|193|27732
אלזס|116|27789
אגרוף (ספורט)|129|27806
המאה ה-13|136|27817
בואנוס איירס|219|27834
קרקוב|147|27865
מסצ'וסטס|190|27888
צרעת|131|27919
כלי נשק|132|27925
ספורט|199|27970
אילינוי|190|27971
חיטה|160|27980
פיזיקה|234|27991
אדום|176|28055
אנטוניו ויוואלדי|140|28127
פרלמנט|116|28144
ציד|115|28178
קונטיקט|183|28208
נחושת|200|28221
אליזבת הראשונה, מלכת אנגליה|143|28231
תאילנד|257|28232
רדיו|149|28239
וירג'יניה|187|28251
סקוטלנד|207|28277
סנגל|232|28306
סטיבן הוקינג|141|28366
דאלאס|142|28372
המאה ה-15|139|28400
כדורסל|180|28425
ויטני יוסטון|117|28462
אבבא|149|28476
אונג סן סו צ'י|126|28562
אוסטריה|283|28576
בקר הבית|192|28606
שוקולד|145|28639
חרקים|184|28650
כדורעף|138|28804
טלפון סלולרי|146|28813
דייגו ולאסקס|143|28818
אינסטגרם|131|28843
כבידה|154|28894
טוני בלייר|119|28939
תוצר מקומי גולמי|144|28984
בילבאו|120|29023
בננה|183|29078
צונאמי|150|29091
מטבוליזם|119|29141
ניל ארמסטרונג|159|29163
אלכסנדר פושקין|159|29217
בשר|160|29257
קוסטה ריקה|233|29281
שפעת|142|29290
מדע|231|29313
אדם סמית|154|29343
לאון טרוצקי|133|29402
המאה ה-21|158|29425
המאה ה-17|144|29515
אזרבייג'ן|282|29531
הכסף בראייה מקרו-כלכלית|146|29548
אנטון צ'כוב|158|29596
מארי קירי|175|29601
מלחמת אזרחים|126|29654
הטבלה המחזורית|201|29660
צבע|183|29743
קנזס|185|29745
פרהיסטוריה|156|29749
אלן טיורינג|150|29786
עיצור|120|29890
צ'ה גווארה|160|29902
גרמניה המזרחית|135|29918
רומא|256|29948
ברזיליה|183|29979
קבוצת כוכבים|133|29986
הונגרית|165|29991
גלידה|124|30027
הדת הבהאית|128|30040
לואי הארבעה עשר, מלך צרפת|131|30052
האימפריה המונגולית|118|30083
סביליה|145|30138
טרנזיסטור|123|30208
ניו מקסיקו|186|30236
ניו אורלינס|132|30239
פבלו פיקאסו|194|30260
קמלה האריס|126|30275
אודיסיאה|117|30290
ג'ודו|119|30317
בולוניה|125|30325
1 בינואר|212|30342
פוטוסינתזה|144|30344
האם תרזה|136|30438
פנסילבניה|188|30446
קולורדו|190|30449
אלבניה|277|30469
קרקע|130|30582
סהרה המערבית|161|30598
כוכב לכת|224|30706
ג'יימס קוק|154|30727
מרוקו|254|30785
קוריאה הדרומית|262|30801
ליטא|276|30812
בגדאד|199|30847
חשיבה|127|30858
ארנולד שוורצנגר|115|30891
המאה ה-16|140|30936
מרילין מונרו|186|31035
מערכת העצבים|120|31087
מקסיקו|310|31123
מוזיקה קלאסית|117|31206
לטינית|235|31221
האיטי|223|31293
אוסטין|142|31396
זכויות האדם|151|31421
ניז'ר|228|31446
דטרויט|145|31460
עצם|147|31474
סלבדור דאלי|179|31478
מיאנמר|243|31537
תוניס|151|31568
טלוויזיה|199|31608
כלבת|131|31640
אתר מורשת עולמית|139|31665
קזחסטן|265|31699
לטביה|263|31736
פורטלנד (אורגון)|117|31769
ביירות|171|31786
מלטה|259|31803
אקירה קורוסאווה|139|31804
אנגליה|232|32004
אינדיאנה|186|32037
ג'ייניזם|140|32040
בלגיה|277|32061
בנדיקטוס השישה עשר|146|32090
נפט|146|32104
רנה דקארט|169|32185
אופנוע|114|32197
אלסקה|203|32237
זימבבואה|244|32245
סרי לנקה|234|32246
אורגון|188|32304
גבינה|169|32320
נאורו|208|32393
רוגבי|117|32478
מוזיאון הלובר|146|32529
אוקלהומה|184|32572
ז'אן ד'ארק|147|32624
וושינגטון (מדינה)|185|32631
אוהיו|191|32733
סופיות|115|32800
"נאט""ו"|178|32823
בית ספר|154|32827
אובונטו (לינוקס)|154|32911
פלוטו|190|33009
טלפון|175|33118
ז'ול ורן|120|33201
פילוסופיה|228|33210
שוודית|190|33219
נלסון מנדלה|216|33222
סודאן|245|33224
דנמרק|279|33256
יוגוסלביה|136|33270
וינסנט ואן גוך|202|33273
צ'ארלס השלישי, מלך הממלכה המאוחדת|132|33342
ניו זילנד|261|33359
דעת|132|33402
אתונה|215|33420
סיקיזם|143|33452
מיאמי|153|33472
הוגו צ'אווס|136|33483
מיזורי|185|33528
חג'|119|33606
מס|126|33615
חקלאות|192|33678
פשיזם|144|33693
קים ג'ונג-און|131|33727
ניו יורק (מדינה)|205|33768
שפה|238|33795
טאיוואן|235|33814
סוקרטס|191|33839
בלארוס|276|33874
קשת בענן|163|33876
סן חוזה (קליפורניה)|128|33942
בית לחם|134|33973
ג'יי קיי רולינג|126|33986
אירו|199|34058
קאזאן|136|34068
אפגניסטן|266|34087
הברית החדשה|149|34107
חיים|160|34118
מינסק|187|34134
איטלקית|222|34147
אלג'יריה|271|34148
נשיאי ארצות הברית|125|34176
מאיה|118|34232
דרום סודאן|213|34393
מוזיקת רוק|125|34456
דנטה אליגיירי|184|34530
פירנצה|167|34554
ברדלס|132|34561
לאומיות|140|34614
דוביים|190|34638
אוננות|114|34659
נישואים|159|34665
וייטנאם|284|34679
יופי|125|34722
יוזף היידן|124|34727
בוליביה|252|34744
ניקולו מקיאוולי|138|34921
BBC|115|34983
מורה|124|34986
הרי האנדים|161|35022
שיער|142|35064
השמש|283|35108
עוני|119|35143
איסטנבול|217|35186
זאב מצוי|189|35204
מלחמת קוריאה|121|35258
אנתרופולוגיה|166|35309
דג|219|35399
דורטמונד|124|35464
עמנואל מקרון|145|35500
שמרנות|125|35551
מיקי מאוס|161|35590
ג'אקומו פוצ'יני|116|35590
פידל קסטרו|149|35702
הולנד|280|35703
איגוד מדינות דרום-מזרח אסיה|141|35733
אוורסט|198|35790
תה|196|35803
ברמינגהאם|136|35864
אוזבקיסטן|239|35867
אלפרד היצ'קוק|138|35893
כסף (אמצעי תשלום)|191|35900
אופרה|133|35935
בירה|185|35974
מדינות ארצות הברית|118|36069
פיל|185|36080
יוטה|186|36085
אסלאם שיעי|134|36131
הרפורמציה הפרוטסטנטית|130|36221
לוב|248|36234
נצרות אורתודוקסית|126|36248
זכוכית|139|36266
אוסקר ויילד|124|36277
מלריה|154|36313
צ'ארלס דרווין|194|36356
דרום אפריקה|280|36427
בורקינה פאסו|238|36699
ז'אן-פול סארטר|136|36761
רוסית|241|36798
ברטיסלאבה|185|36822
גיטרה|164|36833
גלילאו גליליי|192|36876
אלוהים|195|36892
כריסטופר קולומבוס|197|36901
הנפשה|118|36906
טויוטה|126|36947
פראג|209|36950
תיאטרון|160|37047
אריתמטיקה|154|37100
אריתריאה|241|37180
מרקוס טוליוס קיקרו|123|37257
סופה טרופית|121|37303
טוקיו|254|37388
קוריאה|135|37415
פרתנון|119|37567
מרלן דיטריך|155|37597
וושינגטון די. סי.|242|37654
ארכאולוגיה|165|37654
נורווגיה|298|37664
ונציה|168|37692
סבסטופול|118|37821
אללה|133|37918
מועמר קדאפי|133|37938
הו צ'י מין סיטי|227|37949
ילדות|173|37973
תימן|236|38013
אריסטו|208|38049
מקלדת מחשב|121|38074
המאה ה-18|150|38105
ניקרגואה|224|38115
רגש|130|38159
אקולוגיה|171|38165
כולרה|132|38188
קטלוניה|167|38219
נילוס|206|38388
וולטר|163|38448
טורונטו|171|38593
היידלברג|119|38600
מספר שלם|127|38661
אושר|116|38739
פלפל שחור|122|38754
מונרכיה|160|38842
אמסטרדם|222|38892
ניו ג'רזי|190|38922
לב טולסטוי|176|38995
טנזין גיאטסו|115|39025
אבהות|134|39036
וולט דיסני|158|39076
חלבון|155|39175
ברצלונה|189|39199
טניס|150|39225
אנקרה|201|39298
מכונית|189|39306
יהלום|133|39425
תעלת פנמה|142|39481
וילנה|191|39511
ונצואלה|261|39530
אסן|114|39557
כינור|135|39574
צ'ילה|295|39600
ארגנטינה|281|39609
פרס אוסקר|130|39654
ליקוי חמה|132|39711
סטוקהולם|230|39719
שלג|184|39821
טנסי|185|39853
סטיבן ספילברג|134|39860
קפריסין|254|39893
סרביה|268|39911
אסטרולוגיה|123|40025
בוריס ג'ונסון|121|40097
מוזיקה|225|40117
נחשים|184|40144
פאי|155|40225
חורחה לואיס בורחס|136|40271
עכבישאים|170|40505
בודפשט|209|40590
עדי יהוה|117|40642
זמן|176|40693
רמדאן|122|40766
חצבת|123|40768
מרגרט תאצ'ר|145|40919
סן מרינו (עיר)|123|40940
קולומביה|283|41313
אפריקה|298|41465
הונג קונג|229|41486
מוזילה פיירפוקס|127|41552
יוהאן וולפגנג פון גתה|181|41603
בהוטן|245|41644
צנעא|139|41815
הקריביים|120|41826
הקרפנטרז|195|41841
אינדונזיה|272|41891
חג המולד|216|41895
ויקטוריה, מלכת הממלכה המאוחדת|136|41898
שווייץ|282|41954
בינה מלאכותית|139|41974
ברוס לי|117|42031
אפרטהייד|134|42092
מינרל|127|42238
דיפלומטיה|125|42261
אדריכלות|180|42411
אלביס פרסלי|172|42445
משחק|142|42482
אנטונין דבוז'אק|121|42562
היפוקרטס|119|42624
נרנדרה מודי|139|42671
סוכר|162|42686
האימפריה העות'מאנית|169|42823
פלזמה (מצב צבירה)|119|42951
ז'אן-ז'אק רוסו|147|42956
ברטראנד ראסל|121|43080
בלז פסקל|133|43128
אודסה|136|43129
שפת תכנות|137|43172
מוות|160|43174
מישיגן|184|43184
מוסטפא כמאל אטאטורק|196|43202
טיטניק|127|43251
דגל|162|43255
לואיז אינסיו דה סילבה|119|43269
אפלטון|202|43453
מלחמת שלושים השנים|121|43454
פלורידה|194|43522
רומנית|171|43590
דמשק|189|43722
גזענות|139|43836
חצי האי קרים|148|43927
מאו דזה-דונג|167|43960
שינה|130|43970
פרוסיה|116|43973
יוון|280|44135
פקיסטן|261|44162
מחלת אלצהיימר|118|44279
משחק וידאו|120|44311
עץ|207|44328
קייב|216|44364
מלחמת מאה השנים|118|44366
אנג'לינה ג'ולי|131|44441
חשמל|161|44459
אישה|192|44465
סימון דה בובואר|122|44613
איקריוטים|135|44650
קפה|193|44752
רנסאנס|154|44770
מוחמד|202|44783
איחוד האמירויות הערביות|237|44903
כלכלה|184|44905
נמל תעופה|123|44968
שטרסבורג|149|44971
איסלנד|269|44979
חיסון|117|45022
טוויטר|160|45069
סיאטל|143|45104
לוס אנג'לס|216|45176
פרנץ קפקא|162|45249
ריו דה ז'ניירו|252|45268
גלובליזציה|131|45321
רואנדה|232|45367
קולומביה הבריטית|134|45546
יוהנס ברהמס|126|45587
יום ולנטיין|133|46018
קוסובו|207|46154
ארכימדס|175|46195
אינטרנט|212|46214
יוסטון|151|46323
היסטוריה|231|46357
פינלנד|311|46627
הוואנה|152|46649
פרדריק שופן|156|46702
סקופיה|162|46709
יין|172|46765
יוהאן סבסטיאן באך|205|46808
בלוג|118|46863
סינגפור|249|46924
גאורג וילהלם פרידריך הגל|129|46941
אילון מאסק|138|47039
ספרדית|273|47068
ונקובר|141|47263
חיידקים|167|47366
מים|256|47534
סוציולוגיה|156|47677
יגואר|120|47684
תורה|120|47826
לאונרד אוילר|153|47842
בראשית|132|47885
שחפת|157|47922
ג'ון קווינסי אדמס|127|47993
תקשורת המונים|115|48023
Microsoft Windows|142|48234
כימיה|226|48519
קוואמה נקרומה|130|48528
אידו (שפה)|119|48594
בודהיזם|214|48600
מדינה פלסטינית|140|48627
יחסי מין|134|48680
מקסיקו סיטי|204|48925
קרל מרקס|194|48930
אבחזיה|164|48947
שונית המחסום הגדולה|131|48997
דייגו מראדונה|138|49060
אנדרואיד (מערכת הפעלה)|129|49131
הונגריה|270|49155
בוסטון|168|49300
לבנון|244|49485
צ'יאנג קאי שק|116|49611
שוודיה|278|49618
בעלי חיים|243|49704
מכניקת הקוונטים|129|50025
דלקת ריאות|127|50130
אספרנטו|210|50201
אבן בטוטה|131|50385
אברהם|154|50400
סומטרה|124|50542
המוות השחור|120|50555
מחלת נגיף קורונה 2019|188|51018
היפופוטם|132|51152
ויליאם הנרי הריסון|124|51156
אוטו פון ביסמרק|146|51299
ארגון הבריאות העולמי|169|51465
ג'ון אדמס|139|51688
פלסטיק|134|51780
נוגה|239|51783
אוגוסטוס קיסר|194|51794
נאציזם|119|51844
דוב קוטב|139|51937
פרס נובל לשלום|116|51956
הירח|266|52335
אירופה|294|52812
אירלנד|261|52820
משחקי הכס (סדרת טלוויזיה)|118|52869
חלב|210|53072
ויליאם שייקספיר|215|53121
חמאה|142|53163
יוון העתיקה|148|53208
אוסטרליה|288|53349
ג'יימס מדיסון|131|53352
הודו|291|53583
שארל דה גול|159|53624
הצטננות|127|53760
סרטן (מחלה)|155|53825
ביל קלינטון|163|53922
טיבט|140|53946
לודוויג ואן בטהובן|201|53948
ג'יימס מונרו|130|53960
משפט פיתגורס|122|54219
צרפתית|257|54247
עטלפים|176|54634
לונדון|263|54640
עשרת הדיברות|115|54736
צ'לסי (כדורגל)|114|54739
אריה|229|54896
הפלה מלאכותית|143|54945
קנדה|291|55018
בוב מארלי|125|55156
ברידג'טאון|120|55293
יידיש|127|55380
פאולוס|136|55547
אינפלציה|116|55557
זאכרי טיילור|124|55587
ציור|161|55711
דבורים|142|55769
פמיניזם|151|55902
עיראק|256|56009
סדאם חוסיין|124|56037
ספרות|203|56083
הארי פוטר|131|56121
כלב הבית|256|56274
עונש מוות|131|56440
אהבה|165|56464
נועם חומסקי|135|56787
פרס נובל|179|56998
ניקולא סרקוזי|145|57011
סלינה|116|57056
מרקסיזם|130|57185
מהאטמה גנדי|191|57261
דמוקרטיה|191|57360
הקוראן|187|57419
וינה|223|57516
אסטוניה|279|57561
המשחקים האולימפיים|169|57569
תרופה|120|57609
לינוקס|154|57747
כבש הבית|189|57913
ישו|258|57973
סאו פאולו|212|58010
מצרים העתיקה|159|58108
הרפובליקה העממית של סין|298|58229
16 במאי|188|58291
ריכרד וגנר|150|58322
מקדוניה הצפונית|254|58366
המפץ הגדול|157|58709
סן פרנסיסקו|178|58947
מלחמת וייטנאם|135|58950
יונקים|208|58979
טורקיה|307|59140
רפואה|186|59272
ארמניה|271|59475
ביולוגיה|237|59657
לוקסמבורג (עיר)|141|59714
סנקט פטרבורג|213|59977
יהדות|204|60000
נפוליאון בונפרטה|202|60110
יוליוס קיסר|209|60144
המזרח התיכון|169|60225
אסטרונומיה|233|61052
וולפגנג אמדאוס מוצרט|210|61097
חור שחור|164|61127
חינוך|179|61698
מילרד פילמור|122|61914
גרמנית|256|62035
ארנסט המינגוויי|143|62287
מאנגה|115|62308
גרמניה הנאצית|147|62454
פרנקלין פירס|121|62523
רתרפורד הייז|117|62562
נהר|218|62814
תרגום|125|63078
כדור הארץ|293|63092
הרולינג סטונז|120|63143
ג'ון טיילר|124|63312
סוצ'י|146|63360
האיחוד האירופי|227|63436
ברית המועצות|207|63494
עבדות|148|63723
המאה ה-20|169|63984
הממלכה המאוחדת|285|64166
אנגלה מרקל|164|64192
דבש|173|64203
עברית|191|64282
אתיופיה|262|64473
ערבית|238|64487
ורשה|232|64592
פיוטר איליץ' צ'ייקובסקי|151|64826
קובה|253|65018
פסיכולוגיה|190|65083
2 בנובמבר|197|65094
נגיף|167|65102
ערב הסעודית|257|65198
צפון קפריסין|144|65299
האימפריה הביזנטית|159|65310
בוסניה והרצגובינה|265|65390
בובספוג מכנסמרובע|121|65551
חסרי זנב|166|65553
המלחמה הקרה|166|65684
סלינה גומז|146|65751
איטליה|306|66013
דובניום|130|66140
אובידיוס|130|66362
הרפובליקה הדמוקרטית של קונגו|247|66677
אבריל לאבין|119|66762
רצועת עזה|117|66862
אנגלית|299|66885
ליברפול (כדורגל)|116|67015
סוריה|248|67453
SARS-CoV-2|120|67513
ג'יימס גרפילד|120|67612
ברלין|258|67850
שי ג'ינפינג|137|68243
שומר|116|68431
גאורגיה|262|68464
בוקרשט|188|68577
עמנואל קאנט|169|68686
אסלאם|250|68720
קומיקס|132|68727
נצרות|248|68763
ארץ ישראל|124|68938
טנק|129|69010
קליפורניה|214|69070
מסוק|126|69410
זיגמונד פרויד|172|69456
אנרכיזם|143|69569
צרפת|295|69653
רומא העתיקה|136|69872
"נאס""א"|143|70491
ספרייה|147|70700
אורוגוואי|244|70772
קראטה|115|71001
פיודור דוסטויבסקי|170|71422
הים התיכון|219|71458
חלום|115|71952
לוגיקה|156|72052
גרמניה|294|72182
אור|172|72211
ניו יורק|245|72338
מדינות לפי שם|221|72621
פולין|293|72954
ירדן|240|73106
פדריקו פליני|118|73122
חתול הבית|255|73280
גרובר קליבלנד|122|73289
מחשב|230|73436
רעידת אדמה|175|73454
האימפריה הרומית הקדושה|149|73583
פרידריך ניטשה|160|73819
פייסבוק|199|73920
האומות המאוחדות|275|74335
מתמטיקה|241|75484
קופים|140|75999
הר געש|184|76134
בראדלי קופר|126|76314
יובנטוס|116|76370
בוריס ילצין|131|76728
יפן|311|77226
אנדרו ג'קסון|130|77300
מיכאל שומאכר|123|77321
פול מקרטני|121|77529
טקסס|200|77646
ג'יימס ביוקנן|122|77816
פלה|136|77838
מאדים|241|77990
בולגריה|280|77991
אנימה (הנפשה)|129|78115
קפיטליזם|148|78163
רוסיה|312|78201
דייוויד קמרון|119|78545
חלב (עיר)|119|78655
גאולוגיה|181|79296
קוריאה הצפונית|242|79571
פיוטר הגדול|140|79719
ויליאם הווארד טאפט|122|80008
דמיטרי מדבדב|135|80367
משה|146|80369
איראן|280|80547
טרנסניסטריה|133|80666
ימי הביניים|161|80668
בוב דילן|135|80727
אל-קאעדה|119|80830
שחמט|184|80938
כדורגל|226|81190
מרטין ואן ביורן|126|81193
מנצ'סטר יונייטד|122|81199
פיסול|131|81373
ריאל מדריד|124|81475
התאבדות|140|82098
סקרלט ג'והנסון|129|82135
ג'ווהרלל נהרו|140|82196
הרברט הובר|125|82647
נמר השלג|119|84277
מצרים|283|84789
ביטקוין|117|84914
סוכרת|152|84948
מוח|174|86332
מיקרוסופט|153|86350
שיקגו|222|86957
גוגל (חברה)|163|87025
מוסקבה|269|87286
נאפולי|161|87681
זכויות יוצרים|115|87868
בניטו מוסוליני|146|87897
מדריד|241|88048
ספרד|292|88289
מערכת השמש|226|88409
ג'ון לנון|134|88463
קווין|177|88474
טביליסי|188|88790
רימון מצוי|115|88981
ג'יימס פולק|123|89112
האימפריה הבריטית|135|89735
כריסטיאנו רונאלדו|160|89814
נצרות פרוטסטנטית|147|89919
ברן|169|90584
מינסוטה|182|91029
אירית|153|91620
יוסיף סטלין|189|92209
אנה פרנק|122|92464
יהודים|136|93199
אבולוציה|155|94718
אנדרו ג'ונסון|124|94905
אייזק ניוטון|221|95255
איידס|172|95269
נובאק ג'וקוביץ'|133|95435
ז'איר בולסונארו|120|96251
מלחמת הכוכבים|145|96278
טרור|135|97899
אמינם|151|97921
ג'יימס ג'ויס|147|98551
המאה ה-19|157|98583
צ'ארלי צ'פלין|189|99293
מייקל ג'קסון|254|99329
עופות|229|99424
נמליים|189|99452
מלחמת העולם השנייה|222|99643
ולדימיר איליץ' לנין|196|100524
מלחמת העולם הראשונה|211|100555
רג'פ טאיפ ארדואן|134|100678
אליזבת השנייה, מלכת הממלכה המאוחדת|201|100899
מנצ'סטר|136|101462
ויליאם מקינלי|119|102448
סוואהילי|166|102692
חומת ברלין|122|102891
דנובה|164|103105
תומאס ג'פרסון|150|103428
שושלת מינג|119|104960
וולודימיר זלנסקי|151|106089
לאונרדו דה וינצ'י|230|106154
התחממות עולמית|151|106297
מונדיאל 2018|118|106344
אלברט איינשטיין|216|106568
ליברליזם|143|106652
בנג'מין הריסון|118|106844
וודרו וילסון|140|107004
אוקראינה|293|108116
מרטין לותר קינג|163|108472
קונסטנטינוס|126|109002
ג'ורג' וושינגטון|190|110090
ג'יין אוסטן|130|111572
וורן הרדינג|120|111849
הומוסקסואליות|154|112045
ברזיל|286|112335
אלכסנדר הגדול|197|113326
ריהאנה|125|114424
גביע העולם בכדורגל|142|114492
אברהם לינקולן|193|115055
צ'סטר ארתור|115|115441
פיגועי 11 בספטמבר|133|116521
הארי טרומן|143|116954
הביטלס|205|118226
ים המלח|135|119684
רפאל נדאל|129|120734
ארצות הברית|308|121021
בריטני ספירס|117|121464
תאודור רוזוולט|139|122616
ניקולה טסלה|159|122897
ויקיפדיה|297|123239
אפל|144|123547
אדולף היטלר|226|124144
שנות ה-90 של המאה ה-20|118|124331
ג'סטין ביבר|148|125059
המהפכה התעשייתית|136|125438
מיכאיל גורבצ'וב|150|126138
אתאיזם|165|127330
וינסטון צ'רצ'יל|165|128013
מיסיסיפי (נהר)|158|129722
ברק אובמה|240|130416
מלחמת אוקראינה–רוסיה|135|131332
סטנלי קובריק|119|131532
מונגוליה|248|134095
העשור הראשון של המאה ה-21|115|134355
מיינקראפט|128|134702
פריז|269|135512
אונייה|145|135762
קלווין קולידג'|123|139953
לווייתנאים|133|140041
משפחת סימפסון|140|141174
קלאופטרה|142|142055
גוטפריד וילהלם לייבניץ|146|146930
דורסי לילה|159|148155
ג'ורג' ווקר בוש|208|148909
רוג'ר פדרר|136|149334
גאנה|251|150659
ולדימיר פוטין|221|153113
תומאס מאן|115|153246
השואה|150|153711
ברצלונה (כדורגל)|131|156719
פרנקלין דלאנו רוזוולט|168|156974
החומה הגדולה של סין|157|158340
דינוזאורים|161|160206
ג'רלד פורד|136|162547
זוחלים|161|164954
האימפריה הרומית|176|168466
אינקה|117|169582
רונלד רייגן|250|173573
המדינה האסלאמית|135|175471
ג'ון לוק|137|176966
דווייט אייזנהאואר|137|179726
מלחמת האזרחים האמריקנית|145|179810
תל אביב-יפו|141|182373
תוניסיה|244|182874
דונלד טראמפ|231|186658
יוליסס ס. גרנט|128|187171
מגפת הקורונה|161|193115
ג'ימי קרטר|147|195706
אדם|213|201721
ג'ורג' הרברט ווקר בוש|153|205306
אי הפסחא|131|205671
העשור השני של המאה ה-21|115|207668
ישראל|273|207713
לינדון ג'ונסון|139|212254
הילרי קלינטון|134|219951
שאקירה|123|224483
ירושלים|229|225192
ליידי גאגא|161|232097
ג'ון פיצג'רלד קנדי|163|232360
חברת וולט דיסני|116|232443
המהפכה הצרפתית|154|241661
מדונה|148|243722
קרל פרידריך גאוס|150|252835
ריצ'רד ניקסון|147|260820
טיילור סוויפט|124|260887
ג'ו ביידן|205|272962
ליונל מסי|160|278650
ביונסה|144|290342
יוטיוב|186|362695
