ערך|גרויס|געשאפן
24|1139|2023-04-28T01:44:03Z
27|1160|2023-04-27T17:18:37Z
3|1316|2023-04-27T13:17:07Z
18|1655|2023-04-27T16:08:42Z
"ד'תתי""ז"|2008|2023-04-09T22:40:03Z
"ד'ק""ל"|2018|2023-03-13T00:40:07Z
"ד'תת""א"|2154|2023-04-09T18:29:05Z
"ד'תשנ""ג"|2187|2023-04-09T10:50:58Z
"ד'קל""ה"|2190|2023-04-03T21:50:27Z
"ד'תתכ""ו"|2207|2023-04-09T23:27:51Z
"ד'רכ""ח"|2233|2023-04-03T22:39:39Z
"ד'ת""ת"|2256|2023-04-09T14:09:44Z
"ד'תתמ""ט"|2325|2023-04-21T14:37:27Z
"ד'תתט""ז"|2370|2023-04-09T21:30:12Z
"ד'קכ""ז"|2381|2023-03-05T21:25:12Z
"ד'רס""ו"|2426|2023-04-04T14:07:45Z
"ד'קל""ב"|2492|2023-03-14T22:34:44Z
"ד'שצ""ב"|2500|2023-04-04T17:03:41Z
"ד'ק""ך"|2501|2023-02-26T11:20:34Z
"ד'ש""ל"|2550|2023-04-04T16:25:47Z
"ד'קכ""ח"|2562|2023-03-06T14:18:25Z
"ה'רצ""ו"|2575|2023-02-24T08:16:49Z
"ד'ר""ל"|2576|2023-04-03T23:09:19Z
"ד'קל""ג"|2581|2023-03-15T00:20:00Z
"ד'ת""ש"|2615|2023-03-16T16:51:48Z
"ד'קי""ט"|2679|2023-02-25T22:20:31Z
"יארן ג'ת""ק - ג'תקצ""ט"|2688|2023-04-27T10:48:21Z
"ד'קכ""ט"|2740|2023-03-12T12:49:53Z
"ד'קכ""ב"|2769|2023-02-28T14:03:07Z
"ה'רנ""ג"|2775|2023-02-21T17:51:43Z
"ד'תש""ד"|2815|2023-03-21T21:05:57Z
ה' טבת|2838|2022-12-29T17:41:18Z
"ד'קכ""ו"|2839|2023-03-05T00:23:38Z
"ד'תתכ""ז"|2954|2023-04-20T17:18:58Z
"ד'קכ""ג"|3009|2023-03-01T17:14:50Z
"ד'קכ""ד"|3042|2023-03-02T15:33:35Z
"ה'רנ""ד"|3123|2023-02-22T08:34:26Z
"ה'תכ""ה"|3147|2023-02-23T12:14:43Z
"ד'קכ""א"|3185|2023-02-27T11:22:40Z
"ד'קכ""ה"|3294|2023-03-03T10:53:30Z
"ד'תש""ב"|3298|2023-03-20T00:56:34Z
1509|3344|2023-02-17T12:10:59Z
"י""א שבט"|3464|2023-01-31T15:08:43Z
ה' שבט|3557|2023-01-25T20:21:15Z
"י""ב שבט"|3587|2023-02-01T16:42:17Z
"ד'קל""א"|3618|2023-03-13T13:49:43Z
"ד'תש""ג"|3622|2023-03-21T00:00:40Z
ג' שבט|3643|2023-01-23T17:13:10Z
ח' שבט|3708|2023-01-29T00:45:40Z
"ד'תש""א"|3909|2023-03-17T14:02:00Z
"י""ג שבט"|3924|2023-02-02T20:16:38Z
"יארן ג'ר' - ג'רצ""ט"|4022|2023-04-27T06:30:35Z
ז' שבט|4060|2023-01-27T15:17:22Z
ו' שבט|4115|2023-01-26T19:13:11Z
1584|4238|2023-02-19T14:52:33Z
רבי משה קאהן|4385|2022-12-11T16:22:15Z
1583|4388|2023-02-19T00:39:02Z
1587|4425|2023-02-16T21:18:28Z
ד' שבט|4736|2023-01-24T20:41:27Z
א' שבט|4906|2023-01-21T22:59:54Z
ב' שבט|4923|2023-01-22T21:07:53Z
ט' שבט|5136|2023-01-29T21:48:48Z
דגל מחנה אפרים|5145|2023-04-16T17:17:44Z
ראחוב (חסידות)|5212|2022-12-11T17:07:59Z
שיתופתא|5334|2022-11-30T10:30:57Z
"יארן ג'ק' - ג'קצ""ט"|5689|2023-04-26T19:55:16Z
רבי אליעזר זאב ראזנבוים (ראחוב)|5927|2022-12-12T14:21:20Z
י' שבט|5962|2023-01-30T18:21:17Z
פגעיאל בן עכרן|6389|2023-03-31T16:49:36Z
גמליאל בן פדהצור|6501|2023-03-26T20:27:06Z
אחירע בן עינן|6508|2023-04-01T19:54:16Z
אחיעזר בן עמישדי|6591|2023-03-31T09:28:59Z
אבידן בן גדעוני|7080|2023-03-27T08:56:48Z
פרשת תרומה|7385|2023-02-02T14:21:28Z
אליאב בן חילון|7477|2023-03-20T19:37:22Z
50 (נומער)|7829|2023-02-26T18:08:42Z
אלישמע בן עמיהוד|7841|2023-03-26T09:22:07Z
רבי זאב וואלף פון זבאריזש|8069|2023-03-14T22:04:34Z
אליסף בן דעואל|8175|2023-03-25T20:55:34Z
שלומיאל בן צורישדי|8251|2023-03-23T10:51:24Z
רבי יצחק פון דראהאביטש|8483|2023-03-12T16:44:18Z
רבי בן ציון חיים שלמה משולם זושא טווערסקי|8666|2023-02-07T11:05:02Z
נתנאל בן צוער|8898|2023-03-19T20:39:04Z
רבי אברהם צבי בעק|9963|2023-01-08T17:23:55Z
רבי מרדכי דוב טווערסקי|9972|2023-02-05T17:12:36Z
אליצור בן שדיאור|9997|2023-03-22T11:26:32Z
זרוע|10098|2023-03-13T18:08:01Z
דרך מצותיך|10173|2023-03-22T14:34:37Z
ואמרתם כה לחי|10281|2023-04-17T21:19:20Z
ביטול חמץ|10410|2023-03-13T21:39:48Z
"כ""א אדר"|10569|2023-03-14T04:33:01Z
רבי אהרן הגדול פון קארלין|10982|2023-03-15T13:37:43Z
פרשת תצוה|12267|2023-02-04T20:25:41Z
רבי חיים ברים|12461|2023-03-12T20:57:05Z
רבי אדם בעל שם|12877|2022-12-06T04:52:27Z
קעווין מעקארטי|12913|2023-01-18T21:26:19Z
רבי יוסף מאיר ווייס|13013|2023-04-19T10:20:20Z
נחשון בן עמינדב|13125|2023-03-19T13:41:57Z
געטא|13255|2023-03-06T07:15:48Z
ראצפערט (חסידות)|13554|2013-03-14T08:38:20Z
משלוח מנות|13577|2023-01-30T19:48:24Z
הארנסטייפל (חסידות)|14302|2015-03-01T23:26:53Z
דיינו|14401|2023-03-12T16:42:48Z
המכלול|15027|2022-11-21T16:16:29Z
רבי מרדכי דוד אונגער (דאמבראווא)|15847|2023-01-30T03:00:12Z
רבי ישעיה שטיינער|17223|2023-04-17T14:54:09Z
אראבישע ליגע|19402|2023-03-21T07:42:18Z
עוויאן קאנפערענץ|19777|2023-02-17T06:40:37Z
תענית אסתר|20070|2023-02-06T03:27:36Z
קרבנות הנשיאים|20609|2023-03-14T19:55:14Z
מתנות לאביונים|23004|2023-01-30T11:27:13Z
אגרת השבת|23521|2022-11-27T21:24:19Z
פיר תקופות|31254|2023-01-09T15:00:37Z
אפיקומן|31655|2023-03-28T22:36:56Z
חד גדיא|42434|2023-03-23T18:16:18Z
